1,MEDELLIN,1,2021-01-15 20:38:11,2021-01-15 20:38:11
2,ABEJORRAL,1,2021-01-16 20:38:11,2021-01-16 20:38:11
3,ABRIAQUI,1,2021-01-17 20:38:11,2021-01-17 20:38:11
4,ALEJANDRIA,1,2021-01-18 20:38:11,2021-01-18 20:38:11
5,AMAGA,1,2021-01-19 20:38:11,2021-01-19 20:38:11
6,AMALFI,1,2021-01-20 20:38:11,2021-01-20 20:38:11
7,ANDES,1,2021-01-21 20:38:11,2021-01-21 20:38:11
8,ANGELOPOLIS,1,2021-01-22 20:38:11,2021-01-22 20:38:11
9,ANGOSTURA,1,2021-01-23 20:38:11,2021-01-23 20:38:11
10,ANORI,1,2021-01-24 20:38:11,2021-01-24 20:38:11
11,SANTAFE DE ANTIOQUIA,1,2021-01-25 20:38:11,2021-01-25 20:38:11
12,ANZA,1,2021-01-26 20:38:11,2021-01-26 20:38:11
13,APARTADO,1,2021-01-27 20:38:11,2021-01-27 20:38:11
14,ARBOLETES,1,2021-01-28 20:38:11,2021-01-28 20:38:11
15,ARGELIA,1,2021-01-29 20:38:11,2021-01-29 20:38:11
16,ARMENIA,1,2021-01-30 20:38:11,2021-01-30 20:38:11
17,BARBOSA,1,2021-01-31 20:38:11,2021-01-31 20:38:11
18,BELMIRA,1,2021-02-01 20:38:11,2021-02-01 20:38:11
19,BELLO,1,2021-02-02 20:38:11,2021-02-02 20:38:11
20,BETANIA,1,2021-02-03 20:38:11,2021-02-03 20:38:11
21,BETULIA,1,2021-02-04 20:38:11,2021-02-04 20:38:11
22,CIUDAD BOLIVAR,1,2021-02-05 20:38:11,2021-02-05 20:38:11
23,BRICEÑO,1,2021-02-06 20:38:11,2021-02-06 20:38:11
24,BURITICA,1,2021-02-07 20:38:11,2021-02-07 20:38:11
25,CACERES,1,2021-02-08 20:38:11,2021-02-08 20:38:11
26,CAICEDO,1,2021-02-09 20:38:11,2021-02-09 20:38:11
27,CALDAS,1,2021-02-10 20:38:11,2021-02-10 20:38:11
28,CAMPAMENTO,1,2021-02-11 20:38:11,2021-02-11 20:38:11
29,CAÑASGORDAS,1,2021-02-12 20:38:11,2021-02-12 20:38:11
30,CARACOLI,1,2021-02-13 20:38:11,2021-02-13 20:38:11
31,CARAMANTA,1,2021-02-14 20:38:11,2021-02-14 20:38:11
32,CAREPA,1,2021-02-15 20:38:11,2021-02-15 20:38:11
33,EL CARMEN DE VIBORAL,1,2021-02-16 20:38:11,2021-02-16 20:38:11
34,CAROLINA,1,2021-02-17 20:38:11,2021-02-17 20:38:11
35,CAUCASIA,1,2021-02-18 20:38:11,2021-02-18 20:38:11
36,CHIGORODO,1,2021-02-19 20:38:11,2021-02-19 20:38:11
37,CISNEROS,1,2021-02-20 20:38:11,2021-02-20 20:38:11
38,COCORNA,1,2021-02-21 20:38:11,2021-02-21 20:38:11
39,CONCEPCION,1,2021-02-22 20:38:11,2021-02-22 20:38:11
40,CONCORDIA,1,2021-02-23 20:38:11,2021-02-23 20:38:11
41,COPACABANA,1,2021-02-24 20:38:11,2021-02-24 20:38:11
42,DABEIBA,1,2021-02-25 20:38:11,2021-02-25 20:38:11
43,DON MATIAS,1,2021-02-26 20:38:11,2021-02-26 20:38:11
44,EBEJICO,1,2021-02-27 20:38:11,2021-02-27 20:38:11
45,EL BAGRE,1,2021-02-28 20:38:11,2021-02-28 20:38:11
46,ENTRERRIOS,1,2021-03-01 20:38:11,2021-03-01 20:38:11
47,ENVIGADO,1,2021-03-02 20:38:11,2021-03-02 20:38:11
48,FREDONIA,1,2021-03-03 20:38:11,2021-03-03 20:38:11
49,FRONTINO,1,2021-03-04 20:38:11,2021-03-04 20:38:11
50,GIRALDO,1,2021-03-05 20:38:11,2021-03-05 20:38:11
51,GIRARDOTA,1,2021-03-06 20:38:11,2021-03-06 20:38:11
52,GOMEZ PLATA,1,2021-03-07 20:38:11,2021-03-07 20:38:11
53,GRANADA,1,2021-03-08 20:38:11,2021-03-08 20:38:11
54,GUADALUPE,1,2021-03-09 20:38:11,2021-03-09 20:38:11
55,GUARNE,1,2021-03-10 20:38:11,2021-03-10 20:38:11
56,GUATAPE,1,2021-03-11 20:38:11,2021-03-11 20:38:11
57,HELICONIA,1,2021-03-12 20:38:11,2021-03-12 20:38:11
58,HISPANIA,1,2021-03-13 20:38:11,2021-03-13 20:38:11
59,ITAGUI,1,2021-03-14 20:38:11,2021-03-14 20:38:11
60,ITUANGO,1,2021-03-15 20:38:11,2021-03-15 20:38:11
61,JARDIN,1,2021-03-16 20:38:11,2021-03-16 20:38:11
62,JERICO,1,2021-03-17 20:38:11,2021-03-17 20:38:11
63,LA CEJA,1,2021-03-18 20:38:11,2021-03-18 20:38:11
64,LA ESTRELLA,1,2021-03-19 20:38:11,2021-03-19 20:38:11
65,LA PINTADA,1,2021-03-20 20:38:11,2021-03-20 20:38:11
66,LA UNION,1,2021-03-21 20:38:11,2021-03-21 20:38:11
67,LIBORINA,1,2021-03-22 20:38:11,2021-03-22 20:38:11
68,MACEO,1,2021-03-23 20:38:11,2021-03-23 20:38:11
69,MARINILLA,1,2021-03-24 20:38:11,2021-03-24 20:38:11
70,MONTEBELLO,1,2021-03-25 20:38:11,2021-03-25 20:38:11
71,MURINDO,1,2021-03-26 20:38:11,2021-03-26 20:38:11
72,MUTATA,1,2021-03-27 20:38:11,2021-03-27 20:38:11
73,NARIÑO,1,2021-03-28 20:38:11,2021-03-28 20:38:11
74,NECOCLI,1,2021-03-29 20:38:11,2021-03-29 20:38:11
75,NECHI,1,2021-03-30 20:38:11,2021-03-30 20:38:11
76,OLAYA,1,2021-03-31 20:38:11,2021-03-31 20:38:11
77,PEÐOL,1,2021-04-01 20:38:11,2021-04-01 20:38:11
78,PEQUE,1,2021-04-02 20:38:11,2021-04-02 20:38:11
79,PUEBLORRICO,1,2021-04-03 20:38:11,2021-04-03 20:38:11
80,PUERTO BERRIO,1,2021-04-04 20:38:11,2021-04-04 20:38:11
81,PUERTO NARE,1,2021-04-05 20:38:11,2021-04-05 20:38:11
82,PUERTO TRIUNFO,1,2021-04-06 20:38:11,2021-04-06 20:38:11
83,REMEDIOS,1,2021-04-07 20:38:11,2021-04-07 20:38:11
84,RETIRO,1,2021-04-08 20:38:11,2021-04-08 20:38:11
85,RIONEGRO,1,2021-04-09 20:38:11,2021-04-09 20:38:11
86,SABANALARGA,1,2021-04-10 20:38:11,2021-04-10 20:38:11
87,SABANETA,1,2021-04-11 20:38:11,2021-04-11 20:38:11
88,SALGAR,1,2021-04-12 20:38:11,2021-04-12 20:38:11
89,SAN ANDRES DE CUERQUIA,1,2021-04-13 20:38:11,2021-04-13 20:38:11
90,SAN CARLOS,1,2021-04-14 20:38:11,2021-04-14 20:38:11
91,SAN FRANCISCO,1,2021-04-15 20:38:11,2021-04-15 20:38:11
92,SAN JERONIMO,1,2021-04-16 20:38:11,2021-04-16 20:38:11
93,SAN JOSE DE LA MONTAÑA,1,2021-04-17 20:38:11,2021-04-17 20:38:11
94,SAN JUAN DE URABA,1,2021-04-18 20:38:11,2021-04-18 20:38:11
95,SAN LUIS,1,2021-04-19 20:38:11,2021-04-19 20:38:11
96,SAN PEDRO,1,2021-04-20 20:38:11,2021-04-20 20:38:11
97,SAN PEDRO DE URABA,1,2021-04-21 20:38:11,2021-04-21 20:38:11
98,SAN RAFAEL,1,2021-04-22 20:38:11,2021-04-22 20:38:11
99,SAN ROQUE,1,2021-04-23 20:38:11,2021-04-23 20:38:11
100,SAN VICENTE,1,2021-04-24 20:38:11,2021-04-24 20:38:11
101,SANTA BARBARA,1,2021-04-25 20:38:11,2021-04-25 20:38:11
102,SANTA ROSA DE OSOS,1,2021-04-26 20:38:11,2021-04-26 20:38:11
103,SANTO DOMINGO,1,2021-04-27 20:38:11,2021-04-27 20:38:11
104,EL SANTUARIO,1,2021-04-28 20:38:11,2021-04-28 20:38:11
105,SEGOVIA,1,2021-04-29 20:38:11,2021-04-29 20:38:11
106,SONSON,1,2021-04-30 20:38:11,2021-04-30 20:38:11
107,SOPETRAN,1,2021-05-01 20:38:11,2021-05-01 20:38:11
108,TAMESIS,1,2021-05-02 20:38:11,2021-05-02 20:38:11
109,TARAZA,1,2021-05-03 20:38:11,2021-05-03 20:38:11
110,TARSO,1,2021-05-04 20:38:11,2021-05-04 20:38:11
111,TITIRIBI,1,2021-05-05 20:38:11,2021-05-05 20:38:11
112,TOLEDO,1,2021-05-06 20:38:11,2021-05-06 20:38:11
113,TURBO,1,2021-05-07 20:38:11,2021-05-07 20:38:11
114,URAMITA,1,2021-05-08 20:38:11,2021-05-08 20:38:11
115,URRAO,1,2021-05-09 20:38:11,2021-05-09 20:38:11
116,VALDIVIA,1,2021-05-10 20:38:11,2021-05-10 20:38:11
117,VALPARAISO,1,2021-05-11 20:38:11,2021-05-11 20:38:11
118,VEGACHI,1,2021-05-12 20:38:11,2021-05-12 20:38:11
119,VENECIA,1,2021-05-13 20:38:11,2021-05-13 20:38:11
120,VIGIA DEL FUERTE,1,2021-05-14 20:38:11,2021-05-14 20:38:11
121,YALI,1,2021-05-15 20:38:11,2021-05-15 20:38:11
122,YARUMAL,1,2021-05-16 20:38:11,2021-05-16 20:38:11
123,YOLOMBO,1,2021-05-17 20:38:11,2021-05-17 20:38:11
124,YONDO,1,2021-05-18 20:38:11,2021-05-18 20:38:11
125,ZARAGOZA,1,2021-05-19 20:38:11,2021-05-19 20:38:11
126,BARRANQUILLA,2,2021-05-20 20:38:11,2021-05-20 20:38:11
127,BARANOA,2,2021-05-21 20:38:11,2021-05-21 20:38:11
128,CAMPO DE LA CRUZ,2,2021-05-22 20:38:11,2021-05-22 20:38:11
129,CANDELARIA,2,2021-05-23 20:38:11,2021-05-23 20:38:11
130,GALAPA,2,2021-05-24 20:38:11,2021-05-24 20:38:11
131,JUAN DE ACOSTA,2,2021-05-25 20:38:11,2021-05-25 20:38:11
132,LURUACO,2,2021-05-26 20:38:11,2021-05-26 20:38:11
133,MALAMBO,2,2021-05-27 20:38:11,2021-05-27 20:38:11
134,MANATI,2,2021-05-28 20:38:11,2021-05-28 20:38:11
135,PALMAR DE VARELA,2,2021-05-29 20:38:11,2021-05-29 20:38:11
136,PIOJO,2,2021-05-30 20:38:11,2021-05-30 20:38:11
137,POLONUEVO,2,2021-05-31 20:38:11,2021-05-31 20:38:11
138,PONEDERA,2,2021-06-01 20:38:11,2021-06-01 20:38:11
139,PUERTO COLOMBIA,2,2021-06-02 20:38:11,2021-06-02 20:38:11
140,REPELON,2,2021-06-03 20:38:11,2021-06-03 20:38:11
141,SABANAGRANDE,2,2021-06-04 20:38:11,2021-06-04 20:38:11
142,SABANALARGA,2,2021-06-05 20:38:11,2021-06-05 20:38:11
143,SANTA LUCIA,2,2021-06-06 20:38:11,2021-06-06 20:38:11
144,SANTO TOMAS,2,2021-06-07 20:38:11,2021-06-07 20:38:11
145,SOLEDAD,2,2021-06-08 20:38:11,2021-06-08 20:38:11
146,SUAN,2,2021-06-09 20:38:11,2021-06-09 20:38:11
147,TUBARA,2,2021-06-10 20:38:11,2021-06-10 20:38:11
148,USIACURI,2,2021-06-11 20:38:11,2021-06-11 20:38:11
149,"BOGOTA, D.C.",3,2021-06-12 20:38:11,2021-06-12 20:38:11
150,CARTAGENA,4,2021-06-13 20:38:11,2021-06-13 20:38:11
151,ACHI,4,2021-06-14 20:38:11,2021-06-14 20:38:11
152,ALTOS DEL ROSARIO,4,2021-06-15 20:38:11,2021-06-15 20:38:11
153,ARENAL,4,2021-06-16 20:38:11,2021-06-16 20:38:11
154,ARJONA,4,2021-06-17 20:38:11,2021-06-17 20:38:11
155,ARROYOHONDO,4,2021-06-18 20:38:11,2021-06-18 20:38:11
156,BARRANCO DE LOBA,4,2021-06-19 20:38:11,2021-06-19 20:38:11
157,CALAMAR,4,2021-06-20 20:38:11,2021-06-20 20:38:11
158,CANTAGALLO,4,2021-06-21 20:38:11,2021-06-21 20:38:11
159,CICUCO,4,2021-06-22 20:38:11,2021-06-22 20:38:11
160,CORDOBA,4,2021-06-23 20:38:11,2021-06-23 20:38:11
161,CLEMENCIA,4,2021-06-24 20:38:11,2021-06-24 20:38:11
162,EL CARMEN DE BOLIVAR,4,2021-06-25 20:38:11,2021-06-25 20:38:11
163,EL GUAMO,4,2021-06-26 20:38:11,2021-06-26 20:38:11
164,EL PEÑON,4,2021-06-27 20:38:11,2021-06-27 20:38:11
165,HATILLO DE LOBA,4,2021-06-28 20:38:11,2021-06-28 20:38:11
166,MAGANGUE,4,2021-06-29 20:38:11,2021-06-29 20:38:11
167,MAHATES,4,2021-06-30 20:38:11,2021-06-30 20:38:11
168,MARGARITA,4,2021-07-01 20:38:11,2021-07-01 20:38:11
169,MARIA LA BAJA,4,2021-07-02 20:38:11,2021-07-02 20:38:11
170,MONTECRISTO,4,2021-07-03 20:38:11,2021-07-03 20:38:11
171,MOMPOS,4,2021-07-04 20:38:11,2021-07-04 20:38:11
172,NOROSI,4,2021-07-05 20:38:11,2021-07-05 20:38:11
173,MORALES,4,2021-07-06 20:38:11,2021-07-06 20:38:11
174,PINILLOS,4,2021-07-07 20:38:11,2021-07-07 20:38:11
175,REGIDOR,4,2021-07-08 20:38:11,2021-07-08 20:38:11
176,RIO VIEJO,4,2021-07-09 20:38:11,2021-07-09 20:38:11
177,SAN CRISTOBAL,4,2021-07-10 20:38:11,2021-07-10 20:38:11
178,SAN ESTANISLAO,4,2021-07-11 20:38:11,2021-07-11 20:38:11
179,SAN FERNANDO,4,2021-07-12 20:38:11,2021-07-12 20:38:11
180,SAN JACINTO,4,2021-07-13 20:38:11,2021-07-13 20:38:11
181,SAN JACINTO DEL CAUCA,4,2021-07-14 20:38:11,2021-07-14 20:38:11
182,SAN JUAN NEPOMUCENO,4,2021-07-15 20:38:11,2021-07-15 20:38:11
183,SAN MARTIN DE LOBA,4,2021-07-16 20:38:11,2021-07-16 20:38:11
184,SAN PABLO,4,2021-07-17 20:38:11,2021-07-17 20:38:11
185,SANTA CATALINA,4,2021-07-18 20:38:11,2021-07-18 20:38:11
186,SANTA ROSA,4,2021-07-19 20:38:11,2021-07-19 20:38:11
187,SANTA ROSA DEL SUR,4,2021-07-20 20:38:11,2021-07-20 20:38:11
188,SIMITI,4,2021-07-21 20:38:11,2021-07-21 20:38:11
189,SOPLAVIENTO,4,2021-07-22 20:38:11,2021-07-22 20:38:11
190,TALAIGUA NUEVO,4,2021-07-23 20:38:11,2021-07-23 20:38:11
191,TIQUISIO,4,2021-07-24 20:38:11,2021-07-24 20:38:11
192,TURBACO,4,2021-07-25 20:38:11,2021-07-25 20:38:11
193,TURBANA,4,2021-07-26 20:38:11,2021-07-26 20:38:11
194,VILLANUEVA,4,2021-07-27 20:38:11,2021-07-27 20:38:11
195,ZAMBRANO,4,2021-07-28 20:38:11,2021-07-28 20:38:11
196,TUNJA,5,2021-07-29 20:38:11,2021-07-29 20:38:11
197,ALMEIDA,5,2021-07-30 20:38:11,2021-07-30 20:38:11
198,AQUITANIA,5,2021-07-31 20:38:11,2021-07-31 20:38:11
199,ARCABUCO,5,2021-08-01 20:38:11,2021-08-01 20:38:11
200,BELEN,5,2021-08-02 20:38:11,2021-08-02 20:38:11
201,BERBEO,5,2021-08-03 20:38:11,2021-08-03 20:38:11
202,BETEITIVA,5,2021-08-04 20:38:11,2021-08-04 20:38:11
203,BOAVITA,5,2021-08-05 20:38:11,2021-08-05 20:38:11
204,BOYACA,5,2021-08-06 20:38:11,2021-08-06 20:38:11
205,BRICEÑO,5,2021-08-07 20:38:11,2021-08-07 20:38:11
206,BUENAVISTA,5,2021-08-08 20:38:11,2021-08-08 20:38:11
207,BUSBANZA,5,2021-08-09 20:38:11,2021-08-09 20:38:11
208,CALDAS,5,2021-08-10 20:38:11,2021-08-10 20:38:11
209,CAMPOHERMOSO,5,2021-08-11 20:38:11,2021-08-11 20:38:11
210,CERINZA,5,2021-08-12 20:38:11,2021-08-12 20:38:11
211,CHINAVITA,5,2021-08-13 20:38:11,2021-08-13 20:38:11
212,CHIQUINQUIRA,5,2021-08-14 20:38:11,2021-08-14 20:38:11
213,CHISCAS,5,2021-08-15 20:38:11,2021-08-15 20:38:11
214,CHITA,5,2021-08-16 20:38:11,2021-08-16 20:38:11
215,CHITARAQUE,5,2021-08-17 20:38:11,2021-08-17 20:38:11
216,CHIVATA,5,2021-08-18 20:38:11,2021-08-18 20:38:11
217,CIENEGA,5,2021-08-19 20:38:11,2021-08-19 20:38:11
218,COMBITA,5,2021-08-20 20:38:11,2021-08-20 20:38:11
219,COPER,5,2021-08-21 20:38:11,2021-08-21 20:38:11
220,CORRALES,5,2021-08-22 20:38:11,2021-08-22 20:38:11
221,COVARACHIA,5,2021-08-23 20:38:11,2021-08-23 20:38:11
222,CUBARA,5,2021-08-24 20:38:11,2021-08-24 20:38:11
223,CUCAITA,5,2021-08-25 20:38:11,2021-08-25 20:38:11
224,CUITIVA,5,2021-08-26 20:38:11,2021-08-26 20:38:11
225,CHIQUIZA,5,2021-08-27 20:38:11,2021-08-27 20:38:11
226,CHIVOR,5,2021-08-28 20:38:11,2021-08-28 20:38:11
227,DUITAMA,5,2021-08-29 20:38:11,2021-08-29 20:38:11
228,EL COCUY,5,2021-08-30 20:38:11,2021-08-30 20:38:11
229,EL ESPINO,5,2021-08-31 20:38:11,2021-08-31 20:38:11
230,FIRAVITOBA,5,2021-09-01 20:38:11,2021-09-01 20:38:11
231,FLORESTA,5,2021-09-02 20:38:11,2021-09-02 20:38:11
232,GACHANTIVA,5,2021-09-03 20:38:11,2021-09-03 20:38:11
233,GAMEZA,5,2021-09-04 20:38:11,2021-09-04 20:38:11
234,GARAGOA,5,2021-09-05 20:38:11,2021-09-05 20:38:11
235,GUACAMAYAS,5,2021-09-06 20:38:11,2021-09-06 20:38:11
236,GUATEQUE,5,2021-09-07 20:38:11,2021-09-07 20:38:11
237,GUAYATA,5,2021-09-08 20:38:11,2021-09-08 20:38:11
238,GsICAN,5,2021-09-09 20:38:11,2021-09-09 20:38:11
239,IZA,5,2021-09-10 20:38:11,2021-09-10 20:38:11
240,JENESANO,5,2021-09-11 20:38:11,2021-09-11 20:38:11
241,JERICO,5,2021-09-12 20:38:11,2021-09-12 20:38:11
242,LABRANZAGRANDE,5,2021-09-13 20:38:11,2021-09-13 20:38:11
243,LA CAPILLA,5,2021-09-14 20:38:11,2021-09-14 20:38:11
244,LA VICTORIA,5,2021-09-15 20:38:11,2021-09-15 20:38:11
245,LA UVITA,5,2021-09-16 20:38:11,2021-09-16 20:38:11
246,VILLA DE LEYVA,5,2021-09-17 20:38:11,2021-09-17 20:38:11
247,MACANAL,5,2021-09-18 20:38:11,2021-09-18 20:38:11
248,MARIPI,5,2021-09-19 20:38:11,2021-09-19 20:38:11
249,MIRAFLORES,5,2021-09-20 20:38:11,2021-09-20 20:38:11
250,MONGUA,5,2021-09-21 20:38:11,2021-09-21 20:38:11
251,MONGUI,5,2021-09-22 20:38:11,2021-09-22 20:38:11
252,MONIQUIRA,5,2021-09-23 20:38:11,2021-09-23 20:38:11
253,MOTAVITA,5,2021-09-24 20:38:11,2021-09-24 20:38:11
254,MUZO,5,2021-09-25 20:38:11,2021-09-25 20:38:11
255,NOBSA,5,2021-09-26 20:38:11,2021-09-26 20:38:11
256,NUEVO COLON,5,2021-09-27 20:38:11,2021-09-27 20:38:11
257,OICATA,5,2021-09-28 20:38:11,2021-09-28 20:38:11
258,OTANCHE,5,2021-09-29 20:38:11,2021-09-29 20:38:11
259,PACHAVITA,5,2021-09-30 20:38:11,2021-09-30 20:38:11
260,PAEZ,5,2021-10-01 20:38:11,2021-10-01 20:38:11
261,PAIPA,5,2021-10-02 20:38:11,2021-10-02 20:38:11
262,PAJARITO,5,2021-10-03 20:38:11,2021-10-03 20:38:11
263,PANQUEBA,5,2021-10-04 20:38:11,2021-10-04 20:38:11
264,PAUNA,5,2021-10-05 20:38:11,2021-10-05 20:38:11
265,PAYA,5,2021-10-06 20:38:11,2021-10-06 20:38:11
266,PAZ DE RIO,5,2021-10-07 20:38:11,2021-10-07 20:38:11
267,PESCA,5,2021-10-08 20:38:11,2021-10-08 20:38:11
268,PISBA,5,2021-10-09 20:38:11,2021-10-09 20:38:11
269,PUERTO BOYACA,5,2021-10-10 20:38:11,2021-10-10 20:38:11
270,QUIPAMA,5,2021-10-11 20:38:11,2021-10-11 20:38:11
271,RAMIRIQUI,5,2021-10-12 20:38:11,2021-10-12 20:38:11
272,RAQUIRA,5,2021-10-13 20:38:11,2021-10-13 20:38:11
273,RONDON,5,2021-10-14 20:38:11,2021-10-14 20:38:11
274,SABOYA,5,2021-10-15 20:38:11,2021-10-15 20:38:11
275,SACHICA,5,2021-10-16 20:38:11,2021-10-16 20:38:11
276,SAMACA,5,2021-10-17 20:38:11,2021-10-17 20:38:11
277,SAN EDUARDO,5,2021-10-18 20:38:11,2021-10-18 20:38:11
278,SAN JOSE DE PARE,5,2021-10-19 20:38:11,2021-10-19 20:38:11
279,SAN LUIS DE GACENO,5,2021-10-20 20:38:11,2021-10-20 20:38:11
280,SAN MATEO,5,2021-10-21 20:38:11,2021-10-21 20:38:11
281,SAN MIGUEL DE SEMA,5,2021-10-22 20:38:11,2021-10-22 20:38:11
282,SAN PABLO DE BORBUR,5,2021-10-23 20:38:11,2021-10-23 20:38:11
283,SANTANA,5,2021-10-24 20:38:11,2021-10-24 20:38:11
284,SANTA MARIA,5,2021-10-25 20:38:11,2021-10-25 20:38:11
285,SANTA ROSA DE VITERBO,5,2021-10-26 20:38:11,2021-10-26 20:38:11
286,SANTA SOFIA,5,2021-10-27 20:38:11,2021-10-27 20:38:11
287,SATIVANORTE,5,2021-10-28 20:38:11,2021-10-28 20:38:11
288,SATIVASUR,5,2021-10-29 20:38:11,2021-10-29 20:38:11
289,SIACHOQUE,5,2021-10-30 20:38:11,2021-10-30 20:38:11
290,SOATA,5,2021-10-31 20:38:11,2021-10-31 20:38:11
291,SOCOTA,5,2021-11-01 20:38:11,2021-11-01 20:38:11
292,SOCHA,5,2021-11-02 20:38:11,2021-11-02 20:38:11
293,SOGAMOSO,5,2021-11-03 20:38:11,2021-11-03 20:38:11
294,SOMONDOCO,5,2021-11-04 20:38:11,2021-11-04 20:38:11
295,SORA,5,2021-11-05 20:38:11,2021-11-05 20:38:11
296,SOTAQUIRA,5,2021-11-06 20:38:11,2021-11-06 20:38:11
297,SORACA,5,2021-11-07 20:38:11,2021-11-07 20:38:11
298,SUSACON,5,2021-11-08 20:38:11,2021-11-08 20:38:11
299,SUTAMARCHAN,5,2021-11-09 20:38:11,2021-11-09 20:38:11
300,SUTATENZA,5,2021-11-10 20:38:11,2021-11-10 20:38:11
301,TASCO,5,2021-11-11 20:38:11,2021-11-11 20:38:11
302,TENZA,5,2021-11-12 20:38:11,2021-11-12 20:38:11
303,TIBANA,5,2021-11-13 20:38:11,2021-11-13 20:38:11
304,TIBASOSA,5,2021-11-14 20:38:11,2021-11-14 20:38:11
305,TINJACA,5,2021-11-15 20:38:11,2021-11-15 20:38:11
306,TIPACOQUE,5,2021-11-16 20:38:11,2021-11-16 20:38:11
307,TOCA,5,2021-11-17 20:38:11,2021-11-17 20:38:11
308,TOGsI,5,2021-11-18 20:38:11,2021-11-18 20:38:11
309,TOPAGA,5,2021-11-19 20:38:11,2021-11-19 20:38:11
310,TOTA,5,2021-11-20 20:38:11,2021-11-20 20:38:11
311,TUNUNGUA,5,2021-11-21 20:38:11,2021-11-21 20:38:11
312,TURMEQUE,5,2021-11-22 20:38:11,2021-11-22 20:38:11
313,TUTA,5,2021-11-23 20:38:11,2021-11-23 20:38:11
314,TUTAZA,5,2021-11-24 20:38:11,2021-11-24 20:38:11
315,UMBITA,5,2021-11-25 20:38:11,2021-11-25 20:38:11
316,VENTAQUEMADA,5,2021-11-26 20:38:11,2021-11-26 20:38:11
317,VIRACACHA,5,2021-11-27 20:38:11,2021-11-27 20:38:11
318,ZETAQUIRA,5,2021-11-28 20:38:11,2021-11-28 20:38:11
319,MANIZALES,6,2021-11-29 20:38:11,2021-11-29 20:38:11
320,AGUADAS,6,2021-11-30 20:38:11,2021-11-30 20:38:11
321,ANSERMA,6,2021-12-01 20:38:11,2021-12-01 20:38:11
322,ARANZAZU,6,2021-12-02 20:38:11,2021-12-02 20:38:11
323,BELALCAZAR,6,2021-12-03 20:38:11,2021-12-03 20:38:11
324,CHINCHINA,6,2021-12-04 20:38:11,2021-12-04 20:38:11
325,FILADELFIA,6,2021-12-05 20:38:11,2021-12-05 20:38:11
326,LA DORADA,6,2021-12-06 20:38:11,2021-12-06 20:38:11
327,LA MERCED,6,2021-12-07 20:38:11,2021-12-07 20:38:11
328,MANZANARES,6,2021-12-08 20:38:11,2021-12-08 20:38:11
329,MARMATO,6,2021-12-09 20:38:11,2021-12-09 20:38:11
330,MARQUETALIA,6,2021-12-10 20:38:11,2021-12-10 20:38:11
331,MARULANDA,6,2021-12-11 20:38:11,2021-12-11 20:38:11
332,NEIRA,6,2021-12-12 20:38:11,2021-12-12 20:38:11
333,NORCASIA,6,2021-12-13 20:38:11,2021-12-13 20:38:11
334,PACORA,6,2021-12-14 20:38:11,2021-12-14 20:38:11
335,PALESTINA,6,2021-12-15 20:38:11,2021-12-15 20:38:11
336,PENSILVANIA,6,2021-12-16 20:38:11,2021-12-16 20:38:11
337,RIOSUCIO,6,2021-12-17 20:38:11,2021-12-17 20:38:11
338,RISARALDA,6,2021-12-18 20:38:11,2021-12-18 20:38:11
339,SALAMINA,6,2021-12-19 20:38:11,2021-12-19 20:38:11
340,SAMANA,6,2021-12-20 20:38:11,2021-12-20 20:38:11
341,SAN JOSE,6,2021-12-21 20:38:11,2021-12-21 20:38:11
342,SUPIA,6,2021-12-22 20:38:11,2021-12-22 20:38:11
343,VICTORIA,6,2021-12-23 20:38:11,2021-12-23 20:38:11
344,VILLAMARIA,6,2021-12-24 20:38:11,2021-12-24 20:38:11
345,VITERBO,6,2021-12-25 20:38:11,2021-12-25 20:38:11
346,FLORENCIA,7,2021-12-26 20:38:11,2021-12-26 20:38:11
347,ALBANIA,7,2021-12-27 20:38:11,2021-12-27 20:38:11
348,BELEN DE LOS ANDAQUIES,7,2021-12-28 20:38:11,2021-12-28 20:38:11
349,CARTAGENA DEL CHAIRA,7,2021-12-29 20:38:11,2021-12-29 20:38:11
350,CURILLO,7,2021-12-30 20:38:11,2021-12-30 20:38:11
351,EL DONCELLO,7,2021-12-31 20:38:11,2021-12-31 20:38:11
352,EL PAUJIL,7,2022-01-01 20:38:11,2022-01-01 20:38:11
353,LA MONTAÑITA,7,2022-01-02 20:38:11,2022-01-02 20:38:11
354,MILAN,7,2022-01-03 20:38:11,2022-01-03 20:38:11
355,MORELIA,7,2022-01-04 20:38:11,2022-01-04 20:38:11
356,PUERTO RICO,7,2022-01-05 20:38:11,2022-01-05 20:38:11
357,SAN JOSE DEL FRAGUA,7,2022-01-06 20:38:11,2022-01-06 20:38:11
358,SAN VICENTE DEL CAGUAN,7,2022-01-07 20:38:11,2022-01-07 20:38:11
359,SOLANO,7,2022-01-08 20:38:11,2022-01-08 20:38:11
360,SOLITA,7,2022-01-09 20:38:11,2022-01-09 20:38:11
361,VALPARAISO,7,2022-01-10 20:38:11,2022-01-10 20:38:11
362,POPAYAN,8,2022-01-11 20:38:11,2022-01-11 20:38:11
363,ALMAGUER,8,2022-01-12 20:38:11,2022-01-12 20:38:11
364,ARGELIA,8,2022-01-13 20:38:11,2022-01-13 20:38:11
365,BALBOA,8,2022-01-14 20:38:11,2022-01-14 20:38:11
366,BOLIVAR,8,2022-01-15 20:38:11,2022-01-15 20:38:11
367,BUENOS AIRES,8,2022-01-16 20:38:11,2022-01-16 20:38:11
368,CAJIBIO,8,2022-01-17 20:38:11,2022-01-17 20:38:11
369,CALDONO,8,2022-01-18 20:38:11,2022-01-18 20:38:11
370,CALOTO,8,2022-01-19 20:38:11,2022-01-19 20:38:11
371,CORINTO,8,2022-01-20 20:38:11,2022-01-20 20:38:11
372,EL TAMBO,8,2022-01-21 20:38:11,2022-01-21 20:38:11
373,FLORENCIA,8,2022-01-22 20:38:11,2022-01-22 20:38:11
374,GUACHENE,8,2022-01-23 20:38:11,2022-01-23 20:38:11
375,GUAPI,8,2022-01-24 20:38:11,2022-01-24 20:38:11
376,INZA,8,2022-01-25 20:38:11,2022-01-25 20:38:11
377,JAMBALO,8,2022-01-26 20:38:11,2022-01-26 20:38:11
378,LA SIERRA,8,2022-01-27 20:38:11,2022-01-27 20:38:11
379,LA VEGA,8,2022-01-28 20:38:11,2022-01-28 20:38:11
380,LOPEZ,8,2022-01-29 20:38:11,2022-01-29 20:38:11
381,MERCADERES,8,2022-01-30 20:38:11,2022-01-30 20:38:11
382,MIRANDA,8,2022-01-31 20:38:11,2022-01-31 20:38:11
383,MORALES,8,2022-02-01 20:38:11,2022-02-01 20:38:11
384,PADILLA,8,2022-02-02 20:38:11,2022-02-02 20:38:11
385,PAEZ,8,2022-02-03 20:38:11,2022-02-03 20:38:11
386,PATIA,8,2022-02-04 20:38:11,2022-02-04 20:38:11
387,PIAMONTE,8,2022-02-05 20:38:11,2022-02-05 20:38:11
388,PIENDAMO,8,2022-02-06 20:38:11,2022-02-06 20:38:11
389,PUERTO TEJADA,8,2022-02-07 20:38:11,2022-02-07 20:38:11
390,PURACE,8,2022-02-08 20:38:11,2022-02-08 20:38:11
391,ROSAS,8,2022-02-09 20:38:11,2022-02-09 20:38:11
392,SAN SEBASTIAN,8,2022-02-10 20:38:11,2022-02-10 20:38:11
393,SANTANDER DE QUILICHAO,8,2022-02-11 20:38:11,2022-02-11 20:38:11
394,SANTA ROSA,8,2022-02-12 20:38:11,2022-02-12 20:38:11
395,SILVIA,8,2022-02-13 20:38:11,2022-02-13 20:38:11
396,SOTARA,8,2022-02-14 20:38:11,2022-02-14 20:38:11
397,SUAREZ,8,2022-02-15 20:38:11,2022-02-15 20:38:11
398,SUCRE,8,2022-02-16 20:38:11,2022-02-16 20:38:11
399,TIMBIO,8,2022-02-17 20:38:11,2022-02-17 20:38:11
400,TIMBIQUI,8,2022-02-18 20:38:11,2022-02-18 20:38:11
401,TORIBIO,8,2022-02-19 20:38:11,2022-02-19 20:38:11
402,TOTORO,8,2022-02-20 20:38:11,2022-02-20 20:38:11
403,VILLA RICA,8,2022-02-21 20:38:11,2022-02-21 20:38:11
404,VALLEDUPAR,9,2022-02-22 20:38:11,2022-02-22 20:38:11
405,AGUACHICA,9,2022-02-23 20:38:11,2022-02-23 20:38:11
406,AGUSTIN CODAZZI,9,2022-02-24 20:38:11,2022-02-24 20:38:11
407,ASTREA,9,2022-02-25 20:38:11,2022-02-25 20:38:11
408,BECERRIL,9,2022-02-26 20:38:11,2022-02-26 20:38:11
409,BOSCONIA,9,2022-02-27 20:38:11,2022-02-27 20:38:11
410,CHIMICHAGUA,9,2022-02-28 20:38:11,2022-02-28 20:38:11
411,CHIRIGUANA,9,2022-03-01 20:38:11,2022-03-01 20:38:11
412,CURUMANI,9,2022-03-02 20:38:11,2022-03-02 20:38:11
413,EL COPEY,9,2022-03-03 20:38:11,2022-03-03 20:38:11
414,EL PASO,9,2022-03-04 20:38:11,2022-03-04 20:38:11
415,GAMARRA,9,2022-03-05 20:38:11,2022-03-05 20:38:11
416,GONZALEZ,9,2022-03-06 20:38:11,2022-03-06 20:38:11
417,LA GLORIA,9,2022-03-07 20:38:11,2022-03-07 20:38:11
418,LA JAGUA DE IBIRICO,9,2022-03-08 20:38:11,2022-03-08 20:38:11
419,MANAURE,9,2022-03-09 20:38:11,2022-03-09 20:38:11
420,PAILITAS,9,2022-03-10 20:38:11,2022-03-10 20:38:11
421,PELAYA,9,2022-03-11 20:38:11,2022-03-11 20:38:11
422,PUEBLO BELLO,9,2022-03-12 20:38:11,2022-03-12 20:38:11
423,RIO DE ORO,9,2022-03-13 20:38:11,2022-03-13 20:38:11
424,LA PAZ,9,2022-03-14 20:38:11,2022-03-14 20:38:11
425,SAN ALBERTO,9,2022-03-15 20:38:11,2022-03-15 20:38:11
426,SAN DIEGO,9,2022-03-16 20:38:11,2022-03-16 20:38:11
427,SAN MARTIN,9,2022-03-17 20:38:11,2022-03-17 20:38:11
428,TAMALAMEQUE,9,2022-03-18 20:38:11,2022-03-18 20:38:11
429,MONTERIA,10,2022-03-19 20:38:11,2022-03-19 20:38:11
430,AYAPEL,10,2022-03-20 20:38:11,2022-03-20 20:38:11
431,BUENAVISTA,10,2022-03-21 20:38:11,2022-03-21 20:38:11
432,CANALETE,10,2022-03-22 20:38:11,2022-03-22 20:38:11
433,CERETE,10,2022-03-23 20:38:11,2022-03-23 20:38:11
434,CHIMA,10,2022-03-24 20:38:11,2022-03-24 20:38:11
435,CHINU,10,2022-03-25 20:38:11,2022-03-25 20:38:11
436,CIENAGA DE ORO,10,2022-03-26 20:38:11,2022-03-26 20:38:11
437,COTORRA,10,2022-03-27 20:38:11,2022-03-27 20:38:11
438,LA APARTADA,10,2022-03-28 20:38:11,2022-03-28 20:38:11
439,LORICA,10,2022-03-29 20:38:11,2022-03-29 20:38:11
440,LOS CORDOBAS,10,2022-03-30 20:38:11,2022-03-30 20:38:11
441,MOMIL,10,2022-03-31 20:38:11,2022-03-31 20:38:11
442,MONTELIBANO,10,2022-04-01 20:38:11,2022-04-01 20:38:11
443,MOÑITOS,10,2022-04-02 20:38:11,2022-04-02 20:38:11
444,PLANETA RICA,10,2022-04-03 20:38:11,2022-04-03 20:38:11
445,PUEBLO NUEVO,10,2022-04-04 20:38:11,2022-04-04 20:38:11
446,PUERTO ESCONDIDO,10,2022-04-05 20:38:11,2022-04-05 20:38:11
447,PUERTO LIBERTADOR,10,2022-04-06 20:38:11,2022-04-06 20:38:11
448,PURISIMA,10,2022-04-07 20:38:11,2022-04-07 20:38:11
449,SAHAGUN,10,2022-04-08 20:38:11,2022-04-08 20:38:11
450,SAN ANDRES SOTAVENTO,10,2022-04-09 20:38:11,2022-04-09 20:38:11
451,SAN ANTERO,10,2022-04-10 20:38:11,2022-04-10 20:38:11
452,SAN BERNARDO DEL VIENTO,10,2022-04-11 20:38:11,2022-04-11 20:38:11
453,SAN CARLOS,10,2022-04-12 20:38:11,2022-04-12 20:38:11
454,SAN PELAYO,10,2022-04-13 20:38:11,2022-04-13 20:38:11
455,TIERRALTA,10,2022-04-14 20:38:11,2022-04-14 20:38:11
456,VALENCIA,10,2022-04-15 20:38:11,2022-04-15 20:38:11
457,AGUA DE DIOS,11,2022-04-16 20:38:11,2022-04-16 20:38:11
458,ALBAN,11,2022-04-17 20:38:11,2022-04-17 20:38:11
459,ANAPOIMA,11,2022-04-18 20:38:11,2022-04-18 20:38:11
460,ANOLAIMA,11,2022-04-19 20:38:11,2022-04-19 20:38:11
461,ARBELAEZ,11,2022-04-20 20:38:11,2022-04-20 20:38:11
462,BELTRAN,11,2022-04-21 20:38:11,2022-04-21 20:38:11
463,BITUIMA,11,2022-04-22 20:38:11,2022-04-22 20:38:11
464,BOJACA,11,2022-04-23 20:38:11,2022-04-23 20:38:11
465,CABRERA,11,2022-04-24 20:38:11,2022-04-24 20:38:11
466,CACHIPAY,11,2022-04-25 20:38:11,2022-04-25 20:38:11
467,CAJICA,11,2022-04-26 20:38:11,2022-04-26 20:38:11
468,CAPARRAPI,11,2022-04-27 20:38:11,2022-04-27 20:38:11
469,CAQUEZA,11,2022-04-28 20:38:11,2022-04-28 20:38:11
470,CARMEN DE CARUPA,11,2022-04-29 20:38:11,2022-04-29 20:38:11
471,CHAGUANI,11,2022-04-30 20:38:11,2022-04-30 20:38:11
472,CHIA,11,2022-05-01 20:38:11,2022-05-01 20:38:11
473,CHIPAQUE,11,2022-05-02 20:38:11,2022-05-02 20:38:11
474,CHOACHI,11,2022-05-03 20:38:11,2022-05-03 20:38:11
475,CHOCONTA,11,2022-05-04 20:38:11,2022-05-04 20:38:11
476,COGUA,11,2022-05-05 20:38:11,2022-05-05 20:38:11
477,COTA,11,2022-05-06 20:38:11,2022-05-06 20:38:11
478,CUCUNUBA,11,2022-05-07 20:38:11,2022-05-07 20:38:11
479,EL COLEGIO,11,2022-05-08 20:38:11,2022-05-08 20:38:11
480,EL PEÑON,11,2022-05-09 20:38:11,2022-05-09 20:38:11
481,EL ROSAL,11,2022-05-10 20:38:11,2022-05-10 20:38:11
482,FACATATIVA,11,2022-05-11 20:38:11,2022-05-11 20:38:11
483,FOMEQUE,11,2022-05-12 20:38:11,2022-05-12 20:38:11
484,FOSCA,11,2022-05-13 20:38:11,2022-05-13 20:38:11
485,FUNZA,11,2022-05-14 20:38:11,2022-05-14 20:38:11
486,FUQUENE,11,2022-05-15 20:38:11,2022-05-15 20:38:11
487,FUSAGASUGA,11,2022-05-16 20:38:11,2022-05-16 20:38:11
488,GACHALA,11,2022-05-17 20:38:11,2022-05-17 20:38:11
489,GACHANCIPA,11,2022-05-18 20:38:11,2022-05-18 20:38:11
490,GACHETA,11,2022-05-19 20:38:11,2022-05-19 20:38:11
491,GAMA,11,2022-05-20 20:38:11,2022-05-20 20:38:11
492,GIRARDOT,11,2022-05-21 20:38:11,2022-05-21 20:38:11
493,GRANADA,11,2022-05-22 20:38:11,2022-05-22 20:38:11
494,GUACHETA,11,2022-05-23 20:38:11,2022-05-23 20:38:11
495,GUADUAS,11,2022-05-24 20:38:11,2022-05-24 20:38:11
496,GUASCA,11,2022-05-25 20:38:11,2022-05-25 20:38:11
497,GUATAQUI,11,2022-05-26 20:38:11,2022-05-26 20:38:11
498,GUATAVITA,11,2022-05-27 20:38:11,2022-05-27 20:38:11
499,GUAYABAL DE SIQUIMA,11,2022-05-28 20:38:11,2022-05-28 20:38:11
500,GUAYABETAL,11,2022-05-29 20:38:11,2022-05-29 20:38:11
501,GUTIERREZ,11,2022-05-30 20:38:11,2022-05-30 20:38:11
502,JERUSALEN,11,2022-05-31 20:38:11,2022-05-31 20:38:11
503,JUNIN,11,2022-06-01 20:38:11,2022-06-01 20:38:11
504,LA CALERA,11,2022-06-02 20:38:11,2022-06-02 20:38:11
505,LA MESA,11,2022-06-03 20:38:11,2022-06-03 20:38:11
506,LA PALMA,11,2022-06-04 20:38:11,2022-06-04 20:38:11
507,LA PEÑA,11,2022-06-05 20:38:11,2022-06-05 20:38:11
508,LA VEGA,11,2022-06-06 20:38:11,2022-06-06 20:38:11
509,LENGUAZAQUE,11,2022-06-07 20:38:11,2022-06-07 20:38:11
510,MACHETA,11,2022-06-08 20:38:11,2022-06-08 20:38:11
511,MADRID,11,2022-06-09 20:38:11,2022-06-09 20:38:11
512,MANTA,11,2022-06-10 20:38:11,2022-06-10 20:38:11
513,MEDINA,11,2022-06-11 20:38:11,2022-06-11 20:38:11
514,MOSQUERA,11,2022-06-12 20:38:11,2022-06-12 20:38:11
515,NARIÑO,11,2022-06-13 20:38:11,2022-06-13 20:38:11
516,NEMOCON,11,2022-06-14 20:38:11,2022-06-14 20:38:11
517,NILO,11,2022-06-15 20:38:11,2022-06-15 20:38:11
518,NIMAIMA,11,2022-06-16 20:38:11,2022-06-16 20:38:11
519,NOCAIMA,11,2022-06-17 20:38:11,2022-06-17 20:38:11
520,VENECIA,11,2022-06-18 20:38:11,2022-06-18 20:38:11
521,PACHO,11,2022-06-19 20:38:11,2022-06-19 20:38:11
522,PAIME,11,2022-06-20 20:38:11,2022-06-20 20:38:11
523,PANDI,11,2022-06-21 20:38:11,2022-06-21 20:38:11
524,PARATEBUENO,11,2022-06-22 20:38:11,2022-06-22 20:38:11
525,PASCA,11,2022-06-23 20:38:11,2022-06-23 20:38:11
526,PUERTO SALGAR,11,2022-06-24 20:38:11,2022-06-24 20:38:11
527,PULI,11,2022-06-25 20:38:11,2022-06-25 20:38:11
528,QUEBRADANEGRA,11,2022-06-26 20:38:11,2022-06-26 20:38:11
529,QUETAME,11,2022-06-27 20:38:11,2022-06-27 20:38:11
530,QUIPILE,11,2022-06-28 20:38:11,2022-06-28 20:38:11
531,APULO,11,2022-06-29 20:38:11,2022-06-29 20:38:11
532,RICAURTE,11,2022-06-30 20:38:11,2022-06-30 20:38:11
533,SAN ANTONIO DEL TEQUENDAMA,11,2022-07-01 20:38:11,2022-07-01 20:38:11
534,SAN BERNARDO,11,2022-07-02 20:38:11,2022-07-02 20:38:11
535,SAN CAYETANO,11,2022-07-03 20:38:11,2022-07-03 20:38:11
536,SAN FRANCISCO,11,2022-07-04 20:38:11,2022-07-04 20:38:11
537,SAN JUAN DE RIO SECO,11,2022-07-05 20:38:11,2022-07-05 20:38:11
538,SASAIMA,11,2022-07-06 20:38:11,2022-07-06 20:38:11
539,SESQUILE,11,2022-07-07 20:38:11,2022-07-07 20:38:11
540,SIBATE,11,2022-07-08 20:38:11,2022-07-08 20:38:11
541,SILVANIA,11,2022-07-09 20:38:11,2022-07-09 20:38:11
542,SIMIJACA,11,2022-07-10 20:38:11,2022-07-10 20:38:11
543,SOACHA,11,2022-07-11 20:38:11,2022-07-11 20:38:11
544,SOPO,11,2022-07-12 20:38:11,2022-07-12 20:38:11
545,SUBACHOQUE,11,2022-07-13 20:38:11,2022-07-13 20:38:11
546,SUESCA,11,2022-07-14 20:38:11,2022-07-14 20:38:11
547,SUPATA,11,2022-07-15 20:38:11,2022-07-15 20:38:11
548,SUSA,11,2022-07-16 20:38:11,2022-07-16 20:38:11
549,SUTATAUSA,11,2022-07-17 20:38:11,2022-07-17 20:38:11
550,TABIO,11,2022-07-18 20:38:11,2022-07-18 20:38:11
551,TAUSA,11,2022-07-19 20:38:11,2022-07-19 20:38:11
552,TENA,11,2022-07-20 20:38:11,2022-07-20 20:38:11
553,TENJO,11,2022-07-21 20:38:11,2022-07-21 20:38:11
554,TIBACUY,11,2022-07-22 20:38:11,2022-07-22 20:38:11
555,TIBIRITA,11,2022-07-23 20:38:11,2022-07-23 20:38:11
556,TOCAIMA,11,2022-07-24 20:38:11,2022-07-24 20:38:11
557,TOCANCIPA,11,2022-07-25 20:38:11,2022-07-25 20:38:11
558,TOPAIPI,11,2022-07-26 20:38:11,2022-07-26 20:38:11
559,UBALA,11,2022-07-27 20:38:11,2022-07-27 20:38:11
560,UBAQUE,11,2022-07-28 20:38:11,2022-07-28 20:38:11
561,VILLA DE SAN DIEGO DE UBATE,11,2022-07-29 20:38:11,2022-07-29 20:38:11
562,UNE,11,2022-07-30 20:38:11,2022-07-30 20:38:11
563,UTICA,11,2022-07-31 20:38:11,2022-07-31 20:38:11
564,VERGARA,11,2022-08-01 20:38:11,2022-08-01 20:38:11
565,VIANI,11,2022-08-02 20:38:11,2022-08-02 20:38:11
566,VILLAGOMEZ,11,2022-08-03 20:38:11,2022-08-03 20:38:11
567,VILLAPINZON,11,2022-08-04 20:38:11,2022-08-04 20:38:11
568,VILLETA,11,2022-08-05 20:38:11,2022-08-05 20:38:11
569,VIOTA,11,2022-08-06 20:38:11,2022-08-06 20:38:11
570,YACOPI,11,2022-08-07 20:38:11,2022-08-07 20:38:11
571,ZIPACON,11,2022-08-08 20:38:11,2022-08-08 20:38:11
572,ZIPAQUIRA,11,2022-08-09 20:38:11,2022-08-09 20:38:11
573,QUIBDO,12,2022-08-10 20:38:11,2022-08-10 20:38:11
574,ACANDI,12,2022-08-11 20:38:11,2022-08-11 20:38:11
575,ALTO BAUDO,12,2022-08-12 20:38:11,2022-08-12 20:38:11
576,ATRATO,12,2022-08-13 20:38:11,2022-08-13 20:38:11
577,BAGADO,12,2022-08-14 20:38:11,2022-08-14 20:38:11
578,BAHIA SOLANO,12,2022-08-15 20:38:11,2022-08-15 20:38:11
579,BAJO BAUDO,12,2022-08-16 20:38:11,2022-08-16 20:38:11
580,BOJAYA,12,2022-08-17 20:38:11,2022-08-17 20:38:11
581,EL CANTON DEL SAN PABLO,12,2022-08-18 20:38:11,2022-08-18 20:38:11
582,CARMEN DEL DARIEN,12,2022-08-19 20:38:11,2022-08-19 20:38:11
583,CERTEGUI,12,2022-08-20 20:38:11,2022-08-20 20:38:11
584,CONDOTO,12,2022-08-21 20:38:11,2022-08-21 20:38:11
585,EL CARMEN DE ATRATO,12,2022-08-22 20:38:11,2022-08-22 20:38:11
586,EL LITORAL DEL SAN JUAN,12,2022-08-23 20:38:11,2022-08-23 20:38:11
587,ISTMINA,12,2022-08-24 20:38:11,2022-08-24 20:38:11
588,JURADO,12,2022-08-25 20:38:11,2022-08-25 20:38:11
589,LLORO,12,2022-08-26 20:38:11,2022-08-26 20:38:11
590,MEDIO ATRATO,12,2022-08-27 20:38:11,2022-08-27 20:38:11
591,MEDIO BAUDO,12,2022-08-28 20:38:11,2022-08-28 20:38:11
592,MEDIO SAN JUAN,12,2022-08-29 20:38:11,2022-08-29 20:38:11
593,NOVITA,12,2022-08-30 20:38:11,2022-08-30 20:38:11
594,NUQUI,12,2022-08-31 20:38:11,2022-08-31 20:38:11
595,RIO IRO,12,2022-09-01 20:38:11,2022-09-01 20:38:11
596,RIO QUITO,12,2022-09-02 20:38:11,2022-09-02 20:38:11
597,RIOSUCIO,12,2022-09-03 20:38:11,2022-09-03 20:38:11
598,SAN JOSE DEL PALMAR,12,2022-09-04 20:38:11,2022-09-04 20:38:11
599,SIPI,12,2022-09-05 20:38:11,2022-09-05 20:38:11
600,TADO,12,2022-09-06 20:38:11,2022-09-06 20:38:11
601,UNGUIA,12,2022-09-07 20:38:11,2022-09-07 20:38:11
602,UNION PANAMERICANA,12,2022-09-08 20:38:11,2022-09-08 20:38:11
603,NEIVA,13,2022-09-09 20:38:11,2022-09-09 20:38:11
604,ACEVEDO,13,2022-09-10 20:38:11,2022-09-10 20:38:11
605,AGRADO,13,2022-09-11 20:38:11,2022-09-11 20:38:11
606,AIPE,13,2022-09-12 20:38:11,2022-09-12 20:38:11
607,ALGECIRAS,13,2022-09-13 20:38:11,2022-09-13 20:38:11
608,ALTAMIRA,13,2022-09-14 20:38:11,2022-09-14 20:38:11
609,BARAYA,13,2022-09-15 20:38:11,2022-09-15 20:38:11
610,CAMPOALEGRE,13,2022-09-16 20:38:11,2022-09-16 20:38:11
611,COLOMBIA,13,2022-09-17 20:38:11,2022-09-17 20:38:11
612,ELIAS,13,2022-09-18 20:38:11,2022-09-18 20:38:11
613,GARZON,13,2022-09-19 20:38:11,2022-09-19 20:38:11
614,GIGANTE,13,2022-09-20 20:38:11,2022-09-20 20:38:11
615,GUADALUPE,13,2022-09-21 20:38:11,2022-09-21 20:38:11
616,HOBO,13,2022-09-22 20:38:11,2022-09-22 20:38:11
617,IQUIRA,13,2022-09-23 20:38:11,2022-09-23 20:38:11
618,ISNOS,13,2022-09-24 20:38:11,2022-09-24 20:38:11
619,LA ARGENTINA,13,2022-09-25 20:38:11,2022-09-25 20:38:11
620,LA PLATA,13,2022-09-26 20:38:11,2022-09-26 20:38:11
621,NATAGA,13,2022-09-27 20:38:11,2022-09-27 20:38:11
622,OPORAPA,13,2022-09-28 20:38:11,2022-09-28 20:38:11
623,PAICOL,13,2022-09-29 20:38:11,2022-09-29 20:38:11
624,PALERMO,13,2022-09-30 20:38:11,2022-09-30 20:38:11
625,PALESTINA,13,2022-10-01 20:38:11,2022-10-01 20:38:11
626,PITAL,13,2022-10-02 20:38:11,2022-10-02 20:38:11
627,PITALITO,13,2022-10-03 20:38:11,2022-10-03 20:38:11
628,RIVERA,13,2022-10-04 20:38:11,2022-10-04 20:38:11
629,SALADOBLANCO,13,2022-10-05 20:38:11,2022-10-05 20:38:11
630,SAN AGUSTIN,13,2022-10-06 20:38:11,2022-10-06 20:38:11
631,SANTA MARIA,13,2022-10-07 20:38:11,2022-10-07 20:38:11
632,SUAZA,13,2022-10-08 20:38:11,2022-10-08 20:38:11
633,TARQUI,13,2022-10-09 20:38:11,2022-10-09 20:38:11
634,TESALIA,13,2022-10-10 20:38:11,2022-10-10 20:38:11
635,TELLO,13,2022-10-11 20:38:11,2022-10-11 20:38:11
636,TERUEL,13,2022-10-12 20:38:11,2022-10-12 20:38:11
637,TIMANA,13,2022-10-13 20:38:11,2022-10-13 20:38:11
638,VILLAVIEJA,13,2022-10-14 20:38:11,2022-10-14 20:38:11
639,YAGUARA,13,2022-10-15 20:38:11,2022-10-15 20:38:11
640,RIOHACHA,14,2022-10-16 20:38:11,2022-10-16 20:38:11
641,ALBANIA,14,2022-10-17 20:38:11,2022-10-17 20:38:11
642,BARRANCAS,14,2022-10-18 20:38:11,2022-10-18 20:38:11
643,DIBULLA,14,2022-10-19 20:38:11,2022-10-19 20:38:11
644,DISTRACCION,14,2022-10-20 20:38:11,2022-10-20 20:38:11
645,EL MOLINO,14,2022-10-21 20:38:11,2022-10-21 20:38:11
646,FONSECA,14,2022-10-22 20:38:11,2022-10-22 20:38:11
647,HATONUEVO,14,2022-10-23 20:38:11,2022-10-23 20:38:11
648,LA JAGUA DEL PILAR,14,2022-10-24 20:38:11,2022-10-24 20:38:11
649,MAICAO,14,2022-10-25 20:38:11,2022-10-25 20:38:11
650,MANAURE,14,2022-10-26 20:38:11,2022-10-26 20:38:11
651,SAN JUAN DEL CESAR,14,2022-10-27 20:38:11,2022-10-27 20:38:11
652,URIBIA,14,2022-10-28 20:38:11,2022-10-28 20:38:11
653,URUMITA,14,2022-10-29 20:38:11,2022-10-29 20:38:11
654,VILLANUEVA,14,2022-10-30 20:38:11,2022-10-30 20:38:11
655,SANTA MARTA,15,2022-10-31 20:38:11,2022-10-31 20:38:11
656,ALGARROBO,15,2022-11-01 20:38:11,2022-11-01 20:38:11
657,ARACATACA,15,2022-11-02 20:38:11,2022-11-02 20:38:11
658,ARIGUANI,15,2022-11-03 20:38:11,2022-11-03 20:38:11
659,CERRO SAN ANTONIO,15,2022-11-04 20:38:11,2022-11-04 20:38:11
660,CHIBOLO,15,2022-11-05 20:38:11,2022-11-05 20:38:11
661,CIENAGA,15,2022-11-06 20:38:11,2022-11-06 20:38:11
662,CONCORDIA,15,2022-11-07 20:38:11,2022-11-07 20:38:11
663,EL BANCO,15,2022-11-08 20:38:11,2022-11-08 20:38:11
664,EL PIÑON,15,2022-11-09 20:38:11,2022-11-09 20:38:11
665,EL RETEN,15,2022-11-10 20:38:11,2022-11-10 20:38:11
666,FUNDACION,15,2022-11-11 20:38:11,2022-11-11 20:38:11
667,GUAMAL,15,2022-11-12 20:38:11,2022-11-12 20:38:11
668,NUEVA GRANADA,15,2022-11-13 20:38:11,2022-11-13 20:38:11
669,PEDRAZA,15,2022-11-14 20:38:11,2022-11-14 20:38:11
670,PIJIÑO DEL CARMEN,15,2022-11-15 20:38:11,2022-11-15 20:38:11
671,PIVIJAY,15,2022-11-16 20:38:11,2022-11-16 20:38:11
672,PLATO,15,2022-11-17 20:38:11,2022-11-17 20:38:11
673,PUEBLOVIEJO,15,2022-11-18 20:38:11,2022-11-18 20:38:11
674,REMOLINO,15,2022-11-19 20:38:11,2022-11-19 20:38:11
675,SABANAS DE SAN ANGEL,15,2022-11-20 20:38:11,2022-11-20 20:38:11
676,SALAMINA,15,2022-11-21 20:38:11,2022-11-21 20:38:11
677,SAN SEBASTIAN DE BUENAVISTA,15,2022-11-22 20:38:11,2022-11-22 20:38:11
678,SAN ZENON,15,2022-11-23 20:38:11,2022-11-23 20:38:11
679,SANTA ANA,15,2022-11-24 20:38:11,2022-11-24 20:38:11
680,SANTA BARBARA DE PINTO,15,2022-11-25 20:38:11,2022-11-25 20:38:11
681,SITIONUEVO,15,2022-11-26 20:38:11,2022-11-26 20:38:11
682,TENERIFE,15,2022-11-27 20:38:11,2022-11-27 20:38:11
683,ZAPAYAN,15,2022-11-28 20:38:11,2022-11-28 20:38:11
684,ZONA BANANERA,15,2022-11-29 20:38:11,2022-11-29 20:38:11
685,VILLAVICENCIO,16,2022-11-30 20:38:11,2022-11-30 20:38:11
686,ACACIAS,16,2022-12-01 20:38:11,2022-12-01 20:38:11
687,BARRANCA DE UPIA,16,2022-12-02 20:38:11,2022-12-02 20:38:11
688,CABUYARO,16,2022-12-03 20:38:11,2022-12-03 20:38:11
689,CASTILLA LA NUEVA,16,2022-12-04 20:38:11,2022-12-04 20:38:11
690,CUBARRAL,16,2022-12-05 20:38:11,2022-12-05 20:38:11
691,CUMARAL,16,2022-12-06 20:38:11,2022-12-06 20:38:11
692,EL CALVARIO,16,2022-12-07 20:38:11,2022-12-07 20:38:11
693,EL CASTILLO,16,2022-12-08 20:38:11,2022-12-08 20:38:11
694,EL DORADO,16,2022-12-09 20:38:11,2022-12-09 20:38:11
695,FUENTE DE ORO,16,2022-12-10 20:38:11,2022-12-10 20:38:11
696,GRANADA,16,2022-12-11 20:38:11,2022-12-11 20:38:11
697,GUAMAL,16,2022-12-12 20:38:11,2022-12-12 20:38:11
698,MAPIRIPAN,16,2022-12-13 20:38:11,2022-12-13 20:38:11
699,MESETAS,16,2022-12-14 20:38:11,2022-12-14 20:38:11
700,LA MACARENA,16,2022-12-15 20:38:11,2022-12-15 20:38:11
701,URIBE,16,2022-12-16 20:38:11,2022-12-16 20:38:11
702,LEJANIAS,16,2022-12-17 20:38:11,2022-12-17 20:38:11
703,PUERTO CONCORDIA,16,2022-12-18 20:38:11,2022-12-18 20:38:11
704,PUERTO GAITAN,16,2022-12-19 20:38:11,2022-12-19 20:38:11
705,PUERTO LOPEZ,16,2022-12-20 20:38:11,2022-12-20 20:38:11
706,PUERTO LLERAS,16,2022-12-21 20:38:11,2022-12-21 20:38:11
707,PUERTO RICO,16,2022-12-22 20:38:11,2022-12-22 20:38:11
708,RESTREPO,16,2022-12-23 20:38:11,2022-12-23 20:38:11
709,SAN CARLOS DE GUAROA,16,2022-12-24 20:38:11,2022-12-24 20:38:11
710,SAN JUAN DE ARAMA,16,2022-12-25 20:38:11,2022-12-25 20:38:11
711,SAN JUANITO,16,2022-12-26 20:38:11,2022-12-26 20:38:11
712,SAN MARTIN,16,2022-12-27 20:38:11,2022-12-27 20:38:11
713,VISTAHERMOSA,16,2022-12-28 20:38:11,2022-12-28 20:38:11
714,PASTO,17,2022-12-29 20:38:11,2022-12-29 20:38:11
715,ALBAN,17,2022-12-30 20:38:11,2022-12-30 20:38:11
716,ALDANA,17,2022-12-31 20:38:11,2022-12-31 20:38:11
717,ANCUYA,17,2023-01-01 20:38:11,2023-01-01 20:38:11
718,ARBOLEDA,17,2023-01-02 20:38:11,2023-01-02 20:38:11
719,BARBACOAS,17,2023-01-03 20:38:11,2023-01-03 20:38:11
720,BELEN,17,2023-01-04 20:38:11,2023-01-04 20:38:11
721,BUESACO,17,2023-01-05 20:38:11,2023-01-05 20:38:11
722,COLON,17,2023-01-06 20:38:11,2023-01-06 20:38:11
723,CONSACA,17,2023-01-07 20:38:11,2023-01-07 20:38:11
724,CONTADERO,17,2023-01-08 20:38:11,2023-01-08 20:38:11
725,CORDOBA,17,2023-01-09 20:38:11,2023-01-09 20:38:11
726,CUASPUD,17,2023-01-10 20:38:11,2023-01-10 20:38:11
727,CUMBAL,17,2023-01-11 20:38:11,2023-01-11 20:38:11
728,CUMBITARA,17,2023-01-12 20:38:11,2023-01-12 20:38:11
729,CHACHAGsI,17,2023-01-13 20:38:11,2023-01-13 20:38:11
730,EL CHARCO,17,2023-01-14 20:38:11,2023-01-14 20:38:11
731,EL PEÑOL,17,2023-01-15 20:38:11,2023-01-15 20:38:11
732,EL ROSARIO,17,2023-01-16 20:38:11,2023-01-16 20:38:11
733,EL TABLON DE GOMEZ,17,2023-01-17 20:38:11,2023-01-17 20:38:11
734,EL TAMBO,17,2023-01-18 20:38:11,2023-01-18 20:38:11
735,FUNES,17,2023-01-19 20:38:11,2023-01-19 20:38:11
736,GUACHUCAL,17,2023-01-20 20:38:11,2023-01-20 20:38:11
737,GUAITARILLA,17,2023-01-21 20:38:11,2023-01-21 20:38:11
738,GUALMATAN,17,2023-01-22 20:38:11,2023-01-22 20:38:11
739,ILES,17,2023-01-23 20:38:11,2023-01-23 20:38:11
740,IMUES,17,2023-01-24 20:38:11,2023-01-24 20:38:11
741,IPIALES,17,2023-01-25 20:38:11,2023-01-25 20:38:11
742,LA CRUZ,17,2023-01-26 20:38:11,2023-01-26 20:38:11
743,LA FLORIDA,17,2023-01-27 20:38:11,2023-01-27 20:38:11
744,LA LLANADA,17,2023-01-28 20:38:11,2023-01-28 20:38:11
745,LA TOLA,17,2023-01-29 20:38:11,2023-01-29 20:38:11
746,LA UNION,17,2023-01-30 20:38:11,2023-01-30 20:38:11
747,LEIVA,17,2023-01-31 20:38:11,2023-01-31 20:38:11
748,LINARES,17,2023-02-01 20:38:11,2023-02-01 20:38:11
749,LOS ANDES,17,2023-02-02 20:38:11,2023-02-02 20:38:11
750,MAGsI,17,2023-02-03 20:38:11,2023-02-03 20:38:11
751,MALLAMA,17,2023-02-04 20:38:11,2023-02-04 20:38:11
752,MOSQUERA,17,2023-02-05 20:38:11,2023-02-05 20:38:11
753,NARIÑO,17,2023-02-06 20:38:11,2023-02-06 20:38:11
754,OLAYA HERRERA,17,2023-02-07 20:38:11,2023-02-07 20:38:11
755,OSPINA,17,2023-02-08 20:38:11,2023-02-08 20:38:11
756,FRANCISCO PIZARRO,17,2023-02-09 20:38:11,2023-02-09 20:38:11
757,POLICARPA,17,2023-02-10 20:38:11,2023-02-10 20:38:11
758,POTOSI,17,2023-02-11 20:38:11,2023-02-11 20:38:11
759,PROVIDENCIA,17,2023-02-12 20:38:11,2023-02-12 20:38:11
760,PUERRES,17,2023-02-13 20:38:11,2023-02-13 20:38:11
761,PUPIALES,17,2023-02-14 20:38:11,2023-02-14 20:38:11
762,RICAURTE,17,2023-02-15 20:38:11,2023-02-15 20:38:11
763,ROBERTO PAYAN,17,2023-02-16 20:38:11,2023-02-16 20:38:11
764,SAMANIEGO,17,2023-02-17 20:38:11,2023-02-17 20:38:11
765,SANDONA,17,2023-02-18 20:38:11,2023-02-18 20:38:11
766,SAN BERNARDO,17,2023-02-19 20:38:11,2023-02-19 20:38:11
767,SAN LORENZO,17,2023-02-20 20:38:11,2023-02-20 20:38:11
768,SAN PABLO,17,2023-02-21 20:38:11,2023-02-21 20:38:11
769,SAN PEDRO DE CARTAGO,17,2023-02-22 20:38:11,2023-02-22 20:38:11
770,SANTA BARBARA,17,2023-02-23 20:38:11,2023-02-23 20:38:11
771,SANTACRUZ,17,2023-02-24 20:38:11,2023-02-24 20:38:11
772,SAPUYES,17,2023-02-25 20:38:11,2023-02-25 20:38:11
773,TAMINANGO,17,2023-02-26 20:38:11,2023-02-26 20:38:11
774,TANGUA,17,2023-02-27 20:38:11,2023-02-27 20:38:11
775,SAN ANDRES DE TUMACO,17,2023-02-28 20:38:11,2023-02-28 20:38:11
776,TUQUERRES,17,2023-03-01 20:38:11,2023-03-01 20:38:11
777,YACUANQUER,17,2023-03-02 20:38:11,2023-03-02 20:38:11
778,CUCUTA,18,2023-03-03 20:38:11,2023-03-03 20:38:11
779,ABREGO,18,2023-03-04 20:38:11,2023-03-04 20:38:11
780,ARBOLEDAS,18,2023-03-05 20:38:11,2023-03-05 20:38:11
781,BOCHALEMA,18,2023-03-06 20:38:11,2023-03-06 20:38:11
782,BUCARASICA,18,2023-03-07 20:38:11,2023-03-07 20:38:11
783,CACOTA,18,2023-03-08 20:38:11,2023-03-08 20:38:11
784,CACHIRA,18,2023-03-09 20:38:11,2023-03-09 20:38:11
785,CHINACOTA,18,2023-03-10 20:38:11,2023-03-10 20:38:11
786,CHITAGA,18,2023-03-11 20:38:11,2023-03-11 20:38:11
787,CONVENCION,18,2023-03-12 20:38:11,2023-03-12 20:38:11
788,CUCUTILLA,18,2023-03-13 20:38:11,2023-03-13 20:38:11
789,DURANIA,18,2023-03-14 20:38:11,2023-03-14 20:38:11
790,EL CARMEN,18,2023-03-15 20:38:11,2023-03-15 20:38:11
791,EL TARRA,18,2023-03-16 20:38:11,2023-03-16 20:38:11
792,EL ZULIA,18,2023-03-17 20:38:11,2023-03-17 20:38:11
793,GRAMALOTE,18,2023-03-18 20:38:11,2023-03-18 20:38:11
794,HACARI,18,2023-03-19 20:38:11,2023-03-19 20:38:11
795,HERRAN,18,2023-03-20 20:38:11,2023-03-20 20:38:11
796,LABATECA,18,2023-03-21 20:38:11,2023-03-21 20:38:11
797,LA ESPERANZA,18,2023-03-22 20:38:11,2023-03-22 20:38:11
798,LA PLAYA,18,2023-03-23 20:38:11,2023-03-23 20:38:11
799,LOS PATIOS,18,2023-03-24 20:38:11,2023-03-24 20:38:11
800,LOURDES,18,2023-03-25 20:38:11,2023-03-25 20:38:11
801,MUTISCUA,18,2023-03-26 20:38:11,2023-03-26 20:38:11
802,OCAÑA,18,2023-03-27 20:38:11,2023-03-27 20:38:11
803,PAMPLONA,18,2023-03-28 20:38:11,2023-03-28 20:38:11
804,PAMPLONITA,18,2023-03-29 20:38:11,2023-03-29 20:38:11
805,PUERTO SANTANDER,18,2023-03-30 20:38:11,2023-03-30 20:38:11
806,RAGONVALIA,18,2023-03-31 20:38:11,2023-03-31 20:38:11
807,SALAZAR,18,2023-04-01 20:38:11,2023-04-01 20:38:11
808,SAN CALIXTO,18,2023-04-02 20:38:11,2023-04-02 20:38:11
809,SAN CAYETANO,18,2023-04-03 20:38:11,2023-04-03 20:38:11
810,SANTIAGO,18,2023-04-04 20:38:11,2023-04-04 20:38:11
811,SARDINATA,18,2023-04-05 20:38:11,2023-04-05 20:38:11
812,SILOS,18,2023-04-06 20:38:11,2023-04-06 20:38:11
813,TEORAMA,18,2023-04-07 20:38:11,2023-04-07 20:38:11
814,TIBU,18,2023-04-08 20:38:11,2023-04-08 20:38:11
815,TOLEDO,18,2023-04-09 20:38:11,2023-04-09 20:38:11
816,VILLA CARO,18,2023-04-10 20:38:11,2023-04-10 20:38:11
817,VILLA DEL ROSARIO,18,2023-04-11 20:38:11,2023-04-11 20:38:11
818,ARMENIA,19,2023-04-12 20:38:11,2023-04-12 20:38:11
819,BUENAVISTA,19,2023-04-13 20:38:11,2023-04-13 20:38:11
820,CALARCA,19,2023-04-14 20:38:11,2023-04-14 20:38:11
821,CIRCASIA,19,2023-04-15 20:38:11,2023-04-15 20:38:11
822,CORDOBA,19,2023-04-16 20:38:11,2023-04-16 20:38:11
823,FILANDIA,19,2023-04-17 20:38:11,2023-04-17 20:38:11
824,GENOVA,19,2023-04-18 20:38:11,2023-04-18 20:38:11
825,LA TEBAIDA,19,2023-04-19 20:38:11,2023-04-19 20:38:11
826,MONTENEGRO,19,2023-04-20 20:38:11,2023-04-20 20:38:11
827,PIJAO,19,2023-04-21 20:38:11,2023-04-21 20:38:11
828,QUIMBAYA,19,2023-04-22 20:38:11,2023-04-22 20:38:11
829,SALENTO,19,2023-04-23 20:38:11,2023-04-23 20:38:11
830,PEREIRA,20,2023-04-24 20:38:11,2023-04-24 20:38:11
831,APIA,20,2023-04-25 20:38:11,2023-04-25 20:38:11
832,BALBOA,20,2023-04-26 20:38:11,2023-04-26 20:38:11
833,BELEN DE UMBRIA,20,2023-04-27 20:38:11,2023-04-27 20:38:11
834,DOSQUEBRADAS,20,2023-04-28 20:38:11,2023-04-28 20:38:11
835,GUATICA,20,2023-04-29 20:38:11,2023-04-29 20:38:11
836,LA CELIA,20,2023-04-30 20:38:11,2023-04-30 20:38:11
837,LA VIRGINIA,20,2023-05-01 20:38:11,2023-05-01 20:38:11
838,MARSELLA,20,2023-05-02 20:38:11,2023-05-02 20:38:11
839,MISTRATO,20,2023-05-03 20:38:11,2023-05-03 20:38:11
840,PUEBLO RICO,20,2023-05-04 20:38:11,2023-05-04 20:38:11
841,QUINCHIA,20,2023-05-05 20:38:11,2023-05-05 20:38:11
842,SANTA ROSA DE CABAL,20,2023-05-06 20:38:11,2023-05-06 20:38:11
843,SANTUARIO,20,2023-05-07 20:38:11,2023-05-07 20:38:11
844,BUCARAMANGA,21,2023-05-08 20:38:11,2023-05-08 20:38:11
845,AGUADA,21,2023-05-09 20:38:11,2023-05-09 20:38:11
846,ALBANIA,21,2023-05-10 20:38:11,2023-05-10 20:38:11
847,ARATOCA,21,2023-05-11 20:38:11,2023-05-11 20:38:11
848,BARBOSA,21,2023-05-12 20:38:11,2023-05-12 20:38:11
849,BARICHARA,21,2023-05-13 20:38:11,2023-05-13 20:38:11
850,BARRANCABERMEJA,21,2023-05-14 20:38:11,2023-05-14 20:38:11
851,BETULIA,21,2023-05-15 20:38:11,2023-05-15 20:38:11
852,BOLIVAR,21,2023-05-16 20:38:11,2023-05-16 20:38:11
853,CABRERA,21,2023-05-17 20:38:11,2023-05-17 20:38:11
854,CALIFORNIA,21,2023-05-18 20:38:11,2023-05-18 20:38:11
855,CAPITANEJO,21,2023-05-19 20:38:11,2023-05-19 20:38:11
856,CARCASI,21,2023-05-20 20:38:11,2023-05-20 20:38:11
857,CEPITA,21,2023-05-21 20:38:11,2023-05-21 20:38:11
858,CERRITO,21,2023-05-22 20:38:11,2023-05-22 20:38:11
859,CHARALA,21,2023-05-23 20:38:11,2023-05-23 20:38:11
860,CHARTA,21,2023-05-24 20:38:11,2023-05-24 20:38:11
861,CHIMA,21,2023-05-25 20:38:11,2023-05-25 20:38:11
862,CHIPATA,21,2023-05-26 20:38:11,2023-05-26 20:38:11
863,CIMITARRA,21,2023-05-27 20:38:11,2023-05-27 20:38:11
864,CONCEPCION,21,2023-05-28 20:38:11,2023-05-28 20:38:11
865,CONFINES,21,2023-05-29 20:38:11,2023-05-29 20:38:11
866,CONTRATACION,21,2023-05-30 20:38:11,2023-05-30 20:38:11
867,COROMORO,21,2023-05-31 20:38:11,2023-05-31 20:38:11
868,CURITI,21,2023-06-01 20:38:11,2023-06-01 20:38:11
869,EL CARMEN DE CHUCURI,21,2023-06-02 20:38:11,2023-06-02 20:38:11
870,EL GUACAMAYO,21,2023-06-03 20:38:11,2023-06-03 20:38:11
871,EL PEÑON,21,2023-06-04 20:38:11,2023-06-04 20:38:11
872,EL PLAYON,21,2023-06-05 20:38:11,2023-06-05 20:38:11
873,ENCINO,21,2023-06-06 20:38:11,2023-06-06 20:38:11
874,ENCISO,21,2023-06-07 20:38:11,2023-06-07 20:38:11
875,FLORIAN,21,2023-06-08 20:38:11,2023-06-08 20:38:11
876,FLORIDABLANCA,21,2023-06-09 20:38:11,2023-06-09 20:38:11
877,GALAN,21,2023-06-10 20:38:11,2023-06-10 20:38:11
878,GAMBITA,21,2023-06-11 20:38:11,2023-06-11 20:38:11
879,GIRON,21,2023-06-12 20:38:11,2023-06-12 20:38:11
880,GUACA,21,2023-06-13 20:38:11,2023-06-13 20:38:11
881,GUADALUPE,21,2023-06-14 20:38:11,2023-06-14 20:38:11
882,GUAPOTA,21,2023-06-15 20:38:11,2023-06-15 20:38:11
883,GUAVATA,21,2023-06-16 20:38:11,2023-06-16 20:38:11
884,GsEPSA,21,2023-06-17 20:38:11,2023-06-17 20:38:11
885,HATO,21,2023-06-18 20:38:11,2023-06-18 20:38:11
886,JESUS MARIA,21,2023-06-19 20:38:11,2023-06-19 20:38:11
887,JORDAN,21,2023-06-20 20:38:11,2023-06-20 20:38:11
888,LA BELLEZA,21,2023-06-21 20:38:11,2023-06-21 20:38:11
889,LANDAZURI,21,2023-06-22 20:38:11,2023-06-22 20:38:11
890,LA PAZ,21,2023-06-23 20:38:11,2023-06-23 20:38:11
891,LEBRIJA,21,2023-06-24 20:38:11,2023-06-24 20:38:11
892,LOS SANTOS,21,2023-06-25 20:38:11,2023-06-25 20:38:11
893,MACARAVITA,21,2023-06-26 20:38:11,2023-06-26 20:38:11
894,MALAGA,21,2023-06-27 20:38:11,2023-06-27 20:38:11
895,MATANZA,21,2023-06-28 20:38:11,2023-06-28 20:38:11
896,MOGOTES,21,2023-06-29 20:38:11,2023-06-29 20:38:11
897,MOLAGAVITA,21,2023-06-30 20:38:11,2023-06-30 20:38:11
898,OCAMONTE,21,2023-07-01 20:38:11,2023-07-01 20:38:11
899,OIBA,21,2023-07-02 20:38:11,2023-07-02 20:38:11
900,ONZAGA,21,2023-07-03 20:38:11,2023-07-03 20:38:11
901,PALMAR,21,2023-07-04 20:38:11,2023-07-04 20:38:11
902,PALMAS DEL SOCORRO,21,2023-07-05 20:38:11,2023-07-05 20:38:11
903,PARAMO,21,2023-07-06 20:38:11,2023-07-06 20:38:11
904,PIEDECUESTA,21,2023-07-07 20:38:11,2023-07-07 20:38:11
905,PINCHOTE,21,2023-07-08 20:38:11,2023-07-08 20:38:11
906,PUENTE NACIONAL,21,2023-07-09 20:38:11,2023-07-09 20:38:11
907,PUERTO PARRA,21,2023-07-10 20:38:11,2023-07-10 20:38:11
908,PUERTO WILCHES,21,2023-07-11 20:38:11,2023-07-11 20:38:11
909,RIONEGRO,21,2023-07-12 20:38:11,2023-07-12 20:38:11
910,SABANA DE TORRES,21,2023-07-13 20:38:11,2023-07-13 20:38:11
911,SAN ANDRES,21,2023-07-14 20:38:11,2023-07-14 20:38:11
912,SAN BENITO,21,2023-07-15 20:38:11,2023-07-15 20:38:11
913,SAN GIL,21,2023-07-16 20:38:11,2023-07-16 20:38:11
914,SAN JOAQUIN,21,2023-07-17 20:38:11,2023-07-17 20:38:11
915,SAN JOSE DE MIRANDA,21,2023-07-18 20:38:11,2023-07-18 20:38:11
916,SAN MIGUEL,21,2023-07-19 20:38:11,2023-07-19 20:38:11
917,SAN VICENTE DE CHUCURI,21,2023-07-20 20:38:11,2023-07-20 20:38:11
918,SANTA BARBARA,21,2023-07-21 20:38:11,2023-07-21 20:38:11
919,SANTA HELENA DEL OPON,21,2023-07-22 20:38:11,2023-07-22 20:38:11
920,SIMACOTA,21,2023-07-23 20:38:11,2023-07-23 20:38:11
921,SOCORRO,21,2023-07-24 20:38:11,2023-07-24 20:38:11
922,SUAITA,21,2023-07-25 20:38:11,2023-07-25 20:38:11
923,SUCRE,21,2023-07-26 20:38:11,2023-07-26 20:38:11
924,SURATA,21,2023-07-27 20:38:11,2023-07-27 20:38:11
925,TONA,21,2023-07-28 20:38:11,2023-07-28 20:38:11
926,VALLE DE SAN JOSE,21,2023-07-29 20:38:11,2023-07-29 20:38:11
927,VELEZ,21,2023-07-30 20:38:11,2023-07-30 20:38:11
928,VETAS,21,2023-07-31 20:38:11,2023-07-31 20:38:11
929,VILLANUEVA,21,2023-08-01 20:38:11,2023-08-01 20:38:11
930,ZAPATOCA,21,2023-08-02 20:38:11,2023-08-02 20:38:11
931,SINCELEJO,22,2023-08-03 20:38:11,2023-08-03 20:38:11
932,BUENAVISTA,22,2023-08-04 20:38:11,2023-08-04 20:38:11
933,CAIMITO,22,2023-08-05 20:38:11,2023-08-05 20:38:11
934,COLOSO,22,2023-08-06 20:38:11,2023-08-06 20:38:11
935,COROZAL,22,2023-08-07 20:38:11,2023-08-07 20:38:11
936,COVEÑAS,22,2023-08-08 20:38:11,2023-08-08 20:38:11
937,CHALAN,22,2023-08-09 20:38:11,2023-08-09 20:38:11
938,EL ROBLE,22,2023-08-10 20:38:11,2023-08-10 20:38:11
939,GALERAS,22,2023-08-11 20:38:11,2023-08-11 20:38:11
940,GUARANDA,22,2023-08-12 20:38:11,2023-08-12 20:38:11
941,LA UNION,22,2023-08-13 20:38:11,2023-08-13 20:38:11
942,LOS PALMITOS,22,2023-08-14 20:38:11,2023-08-14 20:38:11
943,MAJAGUAL,22,2023-08-15 20:38:11,2023-08-15 20:38:11
944,MORROA,22,2023-08-16 20:38:11,2023-08-16 20:38:11
945,OVEJAS,22,2023-08-17 20:38:11,2023-08-17 20:38:11
946,PALMITO,22,2023-08-18 20:38:11,2023-08-18 20:38:11
947,SAMPUES,22,2023-08-19 20:38:11,2023-08-19 20:38:11
948,SAN BENITO ABAD,22,2023-08-20 20:38:11,2023-08-20 20:38:11
949,SAN JUAN DE BETULIA,22,2023-08-21 20:38:11,2023-08-21 20:38:11
950,SAN MARCOS,22,2023-08-22 20:38:11,2023-08-22 20:38:11
951,SAN ONOFRE,22,2023-08-23 20:38:11,2023-08-23 20:38:11
952,SAN PEDRO,22,2023-08-24 20:38:11,2023-08-24 20:38:11
953,SAN LUIS DE SINCE,22,2023-08-25 20:38:11,2023-08-25 20:38:11
954,SUCRE,22,2023-08-26 20:38:11,2023-08-26 20:38:11
955,SANTIAGO DE TOLU,22,2023-08-27 20:38:11,2023-08-27 20:38:11
956,TOLU VIEJO,22,2023-08-28 20:38:11,2023-08-28 20:38:11
957,IBAGUE,23,2023-08-29 20:38:11,2023-08-29 20:38:11
958,ALPUJARRA,23,2023-08-30 20:38:11,2023-08-30 20:38:11
959,ALVARADO,23,2023-08-31 20:38:11,2023-08-31 20:38:11
960,AMBALEMA,23,2023-09-01 20:38:11,2023-09-01 20:38:11
961,ANZOATEGUI,23,2023-09-02 20:38:11,2023-09-02 20:38:11
962,ARMERO,23,2023-09-03 20:38:11,2023-09-03 20:38:11
963,ATACO,23,2023-09-04 20:38:11,2023-09-04 20:38:11
964,CAJAMARCA,23,2023-09-05 20:38:11,2023-09-05 20:38:11
965,CARMEN DE APICALA,23,2023-09-06 20:38:11,2023-09-06 20:38:11
966,CASABIANCA,23,2023-09-07 20:38:11,2023-09-07 20:38:11
967,CHAPARRAL,23,2023-09-08 20:38:11,2023-09-08 20:38:11
968,COELLO,23,2023-09-09 20:38:11,2023-09-09 20:38:11
969,COYAIMA,23,2023-09-10 20:38:11,2023-09-10 20:38:11
970,CUNDAY,23,2023-09-11 20:38:11,2023-09-11 20:38:11
971,DOLORES,23,2023-09-12 20:38:11,2023-09-12 20:38:11
972,ESPINAL,23,2023-09-13 20:38:11,2023-09-13 20:38:11
973,FALAN,23,2023-09-14 20:38:11,2023-09-14 20:38:11
974,FLANDES,23,2023-09-15 20:38:11,2023-09-15 20:38:11
975,FRESNO,23,2023-09-16 20:38:11,2023-09-16 20:38:11
976,GUAMO,23,2023-09-17 20:38:11,2023-09-17 20:38:11
977,HERVEO,23,2023-09-18 20:38:11,2023-09-18 20:38:11
978,HONDA,23,2023-09-19 20:38:11,2023-09-19 20:38:11
979,ICONONZO,23,2023-09-20 20:38:11,2023-09-20 20:38:11
980,LERIDA,23,2023-09-21 20:38:11,2023-09-21 20:38:11
981,LIBANO,23,2023-09-22 20:38:11,2023-09-22 20:38:11
982,MARIQUITA,23,2023-09-23 20:38:11,2023-09-23 20:38:11
983,MELGAR,23,2023-09-24 20:38:11,2023-09-24 20:38:11
984,MURILLO,23,2023-09-25 20:38:11,2023-09-25 20:38:11
985,NATAGAIMA,23,2023-09-26 20:38:11,2023-09-26 20:38:11
986,ORTEGA,23,2023-09-27 20:38:11,2023-09-27 20:38:11
987,PALOCABILDO,23,2023-09-28 20:38:11,2023-09-28 20:38:11
988,PIEDRAS,23,2023-09-29 20:38:11,2023-09-29 20:38:11
989,PLANADAS,23,2023-09-30 20:38:11,2023-09-30 20:38:11
990,PRADO,23,2023-10-01 20:38:11,2023-10-01 20:38:11
991,PURIFICACION,23,2023-10-02 20:38:11,2023-10-02 20:38:11
992,RIOBLANCO,23,2023-10-03 20:38:11,2023-10-03 20:38:11
993,RONCESVALLES,23,2023-10-04 20:38:11,2023-10-04 20:38:11
994,ROVIRA,23,2023-10-05 20:38:11,2023-10-05 20:38:11
995,SALDAÑA,23,2023-10-06 20:38:11,2023-10-06 20:38:11
996,SAN ANTONIO,23,2023-10-07 20:38:11,2023-10-07 20:38:11
997,SAN LUIS,23,2023-10-08 20:38:11,2023-10-08 20:38:11
998,SANTA ISABEL,23,2023-10-09 20:38:11,2023-10-09 20:38:11
999,SUAREZ,23,2023-10-10 20:38:11,2023-10-10 20:38:11
1000,VALLE DE SAN JUAN,23,2023-10-11 20:38:11,2023-10-11 20:38:11
1001,VENADILLO,23,2023-10-12 20:38:11,2023-10-12 20:38:11
1002,VILLAHERMOSA,23,2023-10-13 20:38:11,2023-10-13 20:38:11
1003,VILLARRICA,23,2023-10-14 20:38:11,2023-10-14 20:38:11
1004,CALI,24,2023-10-15 20:38:11,2023-10-15 20:38:11
1005,ALCALA,24,2023-10-16 20:38:11,2023-10-16 20:38:11
1006,ANDALUCIA,24,2023-10-17 20:38:11,2023-10-17 20:38:11
1007,ANSERMANUEVO,24,2023-10-18 20:38:11,2023-10-18 20:38:11
1008,ARGELIA,24,2023-10-19 20:38:11,2023-10-19 20:38:11
1009,BOLIVAR,24,2023-10-20 20:38:11,2023-10-20 20:38:11
1010,BUENAVENTURA,24,2023-10-21 20:38:11,2023-10-21 20:38:11
1011,GUADALAJARA DE BUGA,24,2023-10-22 20:38:11,2023-10-22 20:38:11
1012,BUGALAGRANDE,24,2023-10-23 20:38:11,2023-10-23 20:38:11
1013,CAICEDONIA,24,2023-10-24 20:38:11,2023-10-24 20:38:11
1014,CALIMA,24,2023-10-25 20:38:11,2023-10-25 20:38:11
1015,CANDELARIA,24,2023-10-26 20:38:11,2023-10-26 20:38:11
1016,CARTAGO,24,2023-10-27 20:38:11,2023-10-27 20:38:11
1017,DAGUA,24,2023-10-28 20:38:11,2023-10-28 20:38:11
1018,EL AGUILA,24,2023-10-29 20:38:11,2023-10-29 20:38:11
1019,EL CAIRO,24,2023-10-30 20:38:11,2023-10-30 20:38:11
1020,EL CERRITO,24,2023-10-31 20:38:11,2023-10-31 20:38:11
1021,EL DOVIO,24,2023-11-01 20:38:11,2023-11-01 20:38:11
1022,FLORIDA,24,2023-11-02 20:38:11,2023-11-02 20:38:11
1023,GINEBRA,24,2023-11-03 20:38:11,2023-11-03 20:38:11
1024,GUACARI,24,2023-11-04 20:38:11,2023-11-04 20:38:11
1025,JAMUNDI,24,2023-11-05 20:38:11,2023-11-05 20:38:11
1026,LA CUMBRE,24,2023-11-06 20:38:11,2023-11-06 20:38:11
1027,LA UNION,24,2023-11-07 20:38:11,2023-11-07 20:38:11
1028,LA VICTORIA,24,2023-11-08 20:38:11,2023-11-08 20:38:11
1029,OBANDO,24,2023-11-09 20:38:11,2023-11-09 20:38:11
1030,PALMIRA,24,2023-11-10 20:38:11,2023-11-10 20:38:11
1031,PRADERA,24,2023-11-11 20:38:11,2023-11-11 20:38:11
1032,RESTREPO,24,2023-11-12 20:38:11,2023-11-12 20:38:11
1033,RIOFRIO,24,2023-11-13 20:38:11,2023-11-13 20:38:11
1034,ROLDANILLO,24,2023-11-14 20:38:11,2023-11-14 20:38:11
1035,SAN PEDRO,24,2023-11-15 20:38:11,2023-11-15 20:38:11
1036,SEVILLA,24,2023-11-16 20:38:11,2023-11-16 20:38:11
1037,TORO,24,2023-11-17 20:38:11,2023-11-17 20:38:11
1038,TRUJILLO,24,2023-11-18 20:38:11,2023-11-18 20:38:11
1039,TULUA,24,2023-11-19 20:38:11,2023-11-19 20:38:11
1040,ULLOA,24,2023-11-20 20:38:11,2023-11-20 20:38:11
1041,VERSALLES,24,2023-11-21 20:38:11,2023-11-21 20:38:11
1042,VIJES,24,2023-11-22 20:38:11,2023-11-22 20:38:11
1043,YOTOCO,24,2023-11-23 20:38:11,2023-11-23 20:38:11
1044,YUMBO,24,2023-11-24 20:38:11,2023-11-24 20:38:11
1045,ZARZAL,24,2023-11-25 20:38:11,2023-11-25 20:38:11
1046,ARAUCA,25,2023-11-26 20:38:11,2023-11-26 20:38:11
1047,ARAUQUITA,25,2023-11-27 20:38:11,2023-11-27 20:38:11
1048,CRAVO NORTE,25,2023-11-28 20:38:11,2023-11-28 20:38:11
1049,FORTUL,25,2023-11-29 20:38:11,2023-11-29 20:38:11
1050,PUERTO RONDON,25,2023-11-30 20:38:11,2023-11-30 20:38:11
1051,SARAVENA,25,2023-12-01 20:38:11,2023-12-01 20:38:11
1052,TAME,25,2023-12-02 20:38:11,2023-12-02 20:38:11
1053,YOPAL,26,2023-12-03 20:38:11,2023-12-03 20:38:11
1054,AGUAZUL,26,2023-12-04 20:38:11,2023-12-04 20:38:11
1055,CHAMEZA,26,2023-12-05 20:38:11,2023-12-05 20:38:11
1056,HATO COROZAL,26,2023-12-06 20:38:11,2023-12-06 20:38:11
1057,LA SALINA,26,2023-12-07 20:38:11,2023-12-07 20:38:11
1058,MANI,26,2023-12-08 20:38:11,2023-12-08 20:38:11
1059,MONTERREY,26,2023-12-09 20:38:11,2023-12-09 20:38:11
1060,NUNCHIA,26,2023-12-10 20:38:11,2023-12-10 20:38:11
1061,OROCUE,26,2023-12-11 20:38:11,2023-12-11 20:38:11
1062,PAZ DE ARIPORO,26,2023-12-12 20:38:11,2023-12-12 20:38:11
1063,PORE,26,2023-12-13 20:38:11,2023-12-13 20:38:11
1064,RECETOR,26,2023-12-14 20:38:11,2023-12-14 20:38:11
1065,SABANALARGA,26,2023-12-15 20:38:11,2023-12-15 20:38:11
1066,SACAMA,26,2023-12-16 20:38:11,2023-12-16 20:38:11
1067,SAN LUIS DE PALENQUE,26,2023-12-17 20:38:11,2023-12-17 20:38:11
1068,TAMARA,26,2023-12-18 20:38:11,2023-12-18 20:38:11
1069,TAURAMENA,26,2023-12-19 20:38:11,2023-12-19 20:38:11
1070,TRINIDAD,26,2023-12-20 20:38:11,2023-12-20 20:38:11
1071,VILLANUEVA,26,2023-12-21 20:38:11,2023-12-21 20:38:11
1072,MOCOA,27,2023-12-22 20:38:11,2023-12-22 20:38:11
1073,COLON,27,2023-12-23 20:38:11,2023-12-23 20:38:11
1074,ORITO,27,2023-12-24 20:38:11,2023-12-24 20:38:11
1075,PUERTO ASIS,27,2023-12-25 20:38:11,2023-12-25 20:38:11
1076,PUERTO CAICEDO,27,2023-12-26 20:38:11,2023-12-26 20:38:11
1077,PUERTO GUZMAN,27,2023-12-27 20:38:11,2023-12-27 20:38:11
1078,LEGUIZAMO,27,2023-12-28 20:38:11,2023-12-28 20:38:11
1079,SIBUNDOY,27,2023-12-29 20:38:11,2023-12-29 20:38:11
1080,SAN FRANCISCO,27,2023-12-30 20:38:11,2023-12-30 20:38:11
1081,SAN MIGUEL,27,2023-12-31 20:38:11,2023-12-31 20:38:11
1082,SANTIAGO,27,2024-01-01 20:38:11,2024-01-01 20:38:11
1083,VALLE DEL GUAMUEZ,27,2024-01-02 20:38:11,2024-01-02 20:38:11
1084,VILLAGARZON,27,2024-01-03 20:38:11,2024-01-03 20:38:11
1085,SAN ANDRES,28,2024-01-04 20:38:11,2024-01-04 20:38:11
1086,PROVIDENCIA,28,2024-01-05 20:38:11,2024-01-05 20:38:11
1087,LETICIA,29,2024-01-06 20:38:11,2024-01-06 20:38:11
1088,EL ENCANTO,29,2024-01-07 20:38:11,2024-01-07 20:38:11
1089,LA CHORRERA,29,2024-01-08 20:38:11,2024-01-08 20:38:11
1090,LA PEDRERA,29,2024-01-09 20:38:11,2024-01-09 20:38:11
1091,LA VICTORIA,29,2024-01-10 20:38:11,2024-01-10 20:38:11
1092,MIRITI - PARANA,29,2024-01-11 20:38:11,2024-01-11 20:38:11
1093,PUERTO ALEGRIA,29,2024-01-12 20:38:11,2024-01-12 20:38:11
1094,PUERTO ARICA,29,2024-01-13 20:38:11,2024-01-13 20:38:11
1095,PUERTO NARIÑO,29,2024-01-14 20:38:11,2024-01-14 20:38:11
1096,PUERTO SANTANDER,29,2024-01-15 20:38:11,2024-01-15 20:38:11
1097,TARAPACA,29,2024-01-16 20:38:11,2024-01-16 20:38:11
1098,INIRIDA,30,2024-01-17 20:38:11,2024-01-17 20:38:11
1099,BARRANCO MINAS,30,2024-01-18 20:38:11,2024-01-18 20:38:11
1100,MAPIRIPANA,30,2024-01-19 20:38:11,2024-01-19 20:38:11
1101,SAN FELIPE,30,2024-01-20 20:38:11,2024-01-20 20:38:11
1102,PUERTO COLOMBIA,30,2024-01-21 20:38:11,2024-01-21 20:38:11
1103,LA GUADALUPE,30,2024-01-22 20:38:11,2024-01-22 20:38:11
1104,CACAHUAL,30,2024-01-23 20:38:11,2024-01-23 20:38:11
1105,PANA PANA,30,2024-01-24 20:38:11,2024-01-24 20:38:11
1106,MORICHAL,30,2024-01-25 20:38:11,2024-01-25 20:38:11
1107,SAN JOSE DEL GUAVIARE,31,2024-01-26 20:38:11,2024-01-26 20:38:11
1108,CALAMAR,31,2024-01-27 20:38:11,2024-01-27 20:38:11
1109,EL RETORNO,31,2024-01-28 20:38:11,2024-01-28 20:38:11
1110,MIRAFLORES,31,2024-01-29 20:38:11,2024-01-29 20:38:11
1111,MITU,32,2024-01-30 20:38:11,2024-01-30 20:38:11
1112,CARURU,32,2024-01-31 20:38:11,2024-01-31 20:38:11
1113,PACOA,32,2024-02-01 20:38:11,2024-02-01 20:38:11
1114,TARAIRA,32,2024-02-02 20:38:11,2024-02-02 20:38:11
1115,PAPUNAUA,32,2024-02-03 20:38:11,2024-02-03 20:38:11
1116,YAVARATE,32,2024-02-04 20:38:11,2024-02-04 20:38:11
1117,PUERTO CARREÑO,33,2024-02-05 20:38:11,2024-02-05 20:38:11
1118,LA PRIMAVERA,33,2024-02-06 20:38:11,2024-02-06 20:38:11
1119,SANTA ROSALIA,33,2024-02-07 20:38:11,2024-02-07 20:38:11
1120,CUMARIBO,33,2024-02-08 20:38:11,2024-02-08 20:38:11